,date_view,mv_url,name,rating_my
0,2018-07-09,https://movie.douban.com/subject/26647117/,暴裂无声,4.0
1,2018-06-21,https://movie.douban.com/subject/27113517/,血观音 / 血觀音,4.0
2,2018-06-16,https://movie.douban.com/subject/26611804/,"三块广告牌 / Three Billboards Outside Ebbing, Missouri",5.0
3,2018-06-12,https://movie.douban.com/subject/26416062/,侏罗纪世界2 / Jurassic World: Fallen Kingdom,3.0
4,2018-06-03,https://movie.douban.com/subject/26990609/,华盛顿邮报 / The Post,5.0
5,2018-06-03,https://movie.douban.com/subject/26861685/,红海行动,3.0
6,2018-06-03,https://movie.douban.com/subject/4920389/,头号玩家 / Ready Player One,5.0
7,2018-05-10,https://movie.douban.com/subject/24773958/,复仇者联盟3：无限战争 / Avengers: Infinity War,4.0
8,2018-03-21,https://movie.douban.com/subject/26897427/,引爆者,4.0
9,2018-03-20,https://movie.douban.com/subject/24751763/,罗曼蒂克消亡史,5.0
10,2018-03-03,https://movie.douban.com/subject/5350027/,妖猫传,4.0
11,2018-01-27,https://movie.douban.com/subject/1305084/,秘密,
12,2018-01-27,https://movie.douban.com/subject/25788426/,电锯惊魂8：竖锯 / Jigsaw,4.0
13,2017-11-05,https://movie.douban.com/subject/3604148/,小丑回魂 / It,2.0
14,2017-11-04,https://movie.douban.com/subject/26830087/,极限挑战 第三季,5.0
15,2017-11-04,https://movie.douban.com/subject/26615572/,极限挑战 第二季,5.0
16,2017-10-23,https://movie.douban.com/subject/26310143/,信号 / 시그널,5.0
17,2017-10-16,https://movie.douban.com/subject/2216379/,黑洞,4.0
18,2017-10-09,https://movie.douban.com/subject/27038183/,羞羞的铁拳,2.0
19,2017-10-09,https://movie.douban.com/subject/10512661/,银翼杀手2049 / Blade Runner 2049,3.0
20,2017-10-05,https://movie.douban.com/subject/26930540/,无证之罪,3.0
21,2017-10-01,https://movie.douban.com/subject/26883064/,白夜追凶,5.0
22,2017-09-10,https://movie.douban.com/subject/1303246/,狙击电话亭 / Phone Booth,4.0
23,2017-09-04,https://movie.douban.com/subject/26270502/,绣春刀II：修罗战场,4.0
24,2017-08-30,https://movie.douban.com/subject/6124043/,赌博默示录2 / カイジ2 人生奪回ゲーム,3.0
25,2017-08-30,https://movie.douban.com/subject/3259956/,赌博默示录 / カイジ 人生逆転ゲーム,4.0
26,2017-08-29,https://movie.douban.com/subject/26235354/,权力的游戏 第七季 / Game of Thrones Season 7,5.0
27,2017-08-25,https://movie.douban.com/subject/1301726/,兵临城下 / Enemy at the Gates,3.0
28,2017-08-24,https://movie.douban.com/subject/26035290/,悟空传,1.0
29,2017-08-22,https://movie.douban.com/subject/11600078/,目击者之追凶 / 目擊者,5.0
30,2017-08-20,https://movie.douban.com/subject/1308833/,空房间 / 빈집,3.0
31,2017-08-10,https://movie.douban.com/subject/26363254/,战狼2,3.0
32,2017-08-04,https://movie.douban.com/subject/5968834/,摩天楼 / 타워,3.0
33,2017-07-30,https://movie.douban.com/subject/26855528/,环药房自行车赛 / Tour De Pharmacy,3.0
34,2017-07-28,https://movie.douban.com/subject/25933890/,极盗车神 / Baby Driver,3.0
35,2017-07-28,https://movie.douban.com/subject/25881247/,边境杀手 / Sicario,3.0
36,2017-07-22,https://movie.douban.com/subject/26607693/,敦刻尔克 / Dunkirk,3.0
37,2017-07-18,https://movie.douban.com/subject/25808075/,猩球崛起3：终极之战 / War for the Planet of the Apes,3.0
38,2017-07-17,https://movie.douban.com/subject/1498811/,感谢你抽烟 / Thank You for Smoking,4.0
39,2017-07-16,https://movie.douban.com/subject/25864124/,亚瑟王：斗兽争霸 / King Arthur: Legend of the Sword,3.0
40,2017-07-08,https://movie.douban.com/subject/24753477/,蜘蛛侠：英雄归来 / Spider-Man: Homecoming,3.0
41,2017-06-24,https://movie.douban.com/subject/26772013/,杀不死,3.0
42,2017-06-19,https://movie.douban.com/subject/25812712/,神偷奶爸3 / Despicable Me 3,3.0
43,2017-06-18,https://movie.douban.com/subject/26651353/,超级快递,1.0
44,2017-06-18,https://movie.douban.com/subject/26828019/,有完没完,1.0
45,2017-06-12,https://movie.douban.com/subject/26639958/,春娇救志明 / 春嬌救志明,4.0
46,2017-06-11,https://movie.douban.com/subject/20451290/,新木乃伊 / The Mummy,1.0
47,2017-06-10,https://movie.douban.com/subject/26718795/,纸牌屋 第五季 / House of Cards Season 5,3.0
48,2017-06-05,https://movie.douban.com/subject/26718838/,异星觉醒 / Life,2.0
49,2017-05-31,https://movie.douban.com/subject/1578714/,神奇女侠 / Wonder Woman,3.0
50,2017-05-28,https://movie.douban.com/subject/26145033/,乐高蝙蝠侠大电影 / The LEGO Batman Movie,4.0
51,2017-05-27,https://movie.douban.com/subject/1307690/,顽主,3.0
52,2017-05-27,https://movie.douban.com/subject/1292553/,真实的谎言 / True Lies,4.0
53,2017-05-27,https://movie.douban.com/subject/2357701/,名侦探柯南：瞳孔中的暗杀者 / 名探偵コナン 瞳の中の暗殺者,
54,2017-05-27,https://movie.douban.com/subject/2357707/,名侦探柯南：迷宫的十字路口 / 名探偵コナン 迷宮の十字路,
55,2017-05-27,https://movie.douban.com/subject/1439579/,名侦探柯南：引爆摩天楼 / 名探偵コナン 時計じかけの摩天楼,
56,2017-05-27,https://movie.douban.com/subject/2357703/,名侦探柯南：通向天国的倒计时 / 名探偵コナン 天国へのカウントダウン,
57,2017-05-27,https://movie.douban.com/subject/6768838/,上帝保佑美国 / God Bless America,3.0
58,2017-05-27,https://movie.douban.com/subject/1299092/,回到未来2 / Back to the Future Part II,3.0
59,2017-05-27,https://movie.douban.com/subject/1296666/,回到未来3 / Back to the Future Part III,3.0
60,2017-05-27,https://movie.douban.com/subject/3178770/,马达加斯加3 / Madagascar 3: Europe's Most Wanted,3.0
61,2017-05-27,https://movie.douban.com/subject/1291577/,超人总动员 / The Incredibles,3.0
62,2017-05-26,https://movie.douban.com/subject/26393561/,小萝莉的猴神大叔 / Bajrangi Bhaijaan,2.0
63,2017-05-26,https://movie.douban.com/subject/26748847/,风骚律师 第三季 / Better Call Saul Season 3,5.0
64,2017-05-24,https://movie.douban.com/subject/6311303/,加勒比海盗5：死无对证 / Pirates of the Caribbean: Dead Men Tell No Tales,3.0
65,2017-05-22,https://movie.douban.com/subject/1395091/,未麻的部屋 / Perfect Blue,
66,2017-05-21,https://movie.douban.com/subject/26741568/,我的恐怖妻子 / 僕のヤバイ妻,3.0
67,2017-05-20,https://movie.douban.com/subject/26727273/,人民的名义,4.0
68,2017-05-19,https://movie.douban.com/subject/26339213/,无名女尸 / The Autopsy of Jane Doe,3.0
69,2017-05-19,https://movie.douban.com/subject/10608242/,女尸谜案 / El cuerpo,3.0
70,2017-05-17,https://movie.douban.com/subject/26387939/,摔跤吧！爸爸 / Dangal,2.0
71,2017-05-14,https://movie.douban.com/subject/26821378/,明星大侦探 第二季,4.0
72,2017-05-14,https://movie.douban.com/subject/26737158/,明星大侦探 第一季,4.0
73,2017-05-14,https://movie.douban.com/subject/11803087/,异形：契约 / Alien: Covenant,1.0
74,2017-05-10,https://movie.douban.com/subject/26279289/,怒 / 怒り,2.0
75,2017-05-10,https://movie.douban.com/subject/25830732/,王牌贱谍：格林斯比 / The Brothers Grimsby,3.0
76,2017-05-09,https://movie.douban.com/subject/25937854/,银河护卫队2 / Guardians of the Galaxy Vol. 2,3.0
77,2017-05-07,https://movie.douban.com/subject/26642163/,父亲与伊藤先生 / お父さんと伊藤さん,2.0
78,2017-05-05,https://movie.douban.com/subject/6982558/,长城 / The Great Wall,2.0
79,2017-05-05,https://movie.douban.com/subject/26666177/,杀戮都市：O / GANTZ:O,2.0
80,2017-05-03,https://movie.douban.com/subject/1291575/,玩具总动员 / Toy Story,3.0
81,2017-05-03,https://movie.douban.com/subject/1291574/,玩具总动员2 / Toy Story 2,3.0
82,2017-05-03,https://movie.douban.com/subject/25765735/,金刚狼3：殊死一战 / Logan,3.0
83,2017-05-03,https://movie.douban.com/subject/3212398/,超能敢死队 / Ghostbusters,2.0
84,2017-05-03,https://movie.douban.com/subject/25955779/,忍者神龟2：破影而出 / Teenage Mutant Ninja Turtles: Out of the Shadows,2.0
85,2017-05-03,https://movie.douban.com/subject/26389331/,阿修罗 / 아수라,3.0
86,2017-05-03,https://movie.douban.com/subject/26683290/,你的名字。 / 君の名は。,1.0
87,2017-05-03,https://movie.douban.com/subject/25801066/,西游伏妖篇,1.0
88,2017-05-02,https://movie.douban.com/subject/26260853/,速度与激情8 / The Fate of the Furious,2.0
89,2017-05-01,https://movie.douban.com/subject/1433556/,欢迎来到东莫村 / 웰컴 투 동막골,3.0
90,2017-04-30,https://movie.douban.com/subject/1947549/,生死狙击 / Shooter,3.0
91,2017-04-30,https://movie.douban.com/subject/26844922/,杰出公民 / El ciudadano ilustre,1.0
92,2017-04-29,https://movie.douban.com/subject/26815856/,疯岳撬佳人,1.0
93,2017-04-29,https://movie.douban.com/subject/26322972/,邻居大战2：姐妹会崛起 / Neighbors 2: Sorority Rising,1.0
94,2017-04-29,https://movie.douban.com/subject/26266072/,谍影重重5 / Jason Bourne,3.0
95,2017-04-28,https://movie.douban.com/subject/26644002/,傲娇与偏见,1.0
96,2017-04-28,https://movie.douban.com/subject/25818101/,攻壳机动队 / Ghost in the Shell,2.0
97,2017-04-28,https://movie.douban.com/subject/26688480/,逃出绝命镇 / Get Out,3.0
98,2017-04-27,https://movie.douban.com/subject/3033085/,率性而活 / 바르게 살자,3.0
99,2017-04-26,https://movie.douban.com/subject/3660428/,金色梦乡 / ゴールデンスランバー,4.0
100,2017-04-23,https://movie.douban.com/subject/20388223/,激战 / 激戰,3.0
101,2017-04-19,https://movie.douban.com/subject/26703158/,斯隆女士 / Miss Sloane,2.0
102,2017-04-19,https://movie.douban.com/subject/1853160/,狗咬狗,3.0
103,2017-04-19,https://movie.douban.com/subject/2076181/,无姓之人 / Mr. Nobody,3.0
104,2017-04-19,https://movie.douban.com/subject/25976733/,风骚律师 第二季 / Better Call Saul Season 2,5.0
105,2017-04-19,https://movie.douban.com/subject/26580232/,看不见的客人 / Contratiempo,4.0
106,2017-04-17,https://movie.douban.com/subject/25815034/,湄公河行动,3.0
107,2017-04-17,https://movie.douban.com/subject/26284621/,追凶者也,3.0
108,2017-04-16,https://movie.douban.com/subject/25911694/,摆渡人,1.0
109,2017-04-15,https://movie.douban.com/subject/2277204/,异邦人：无皇刃谭 / ストレンヂア 無皇刃譚,3.0
110,2017-04-15,https://movie.douban.com/subject/26389696/,大闹天竺,1.0
111,2017-04-15,https://movie.douban.com/subject/26280528/,从你的全世界路过,2.0
112,2017-04-15,https://movie.douban.com/subject/6973376/,致我们终将逝去的青春,1.0
113,2017-04-15,https://movie.douban.com/subject/26862259/,乘风破浪,3.0
114,2017-01-02,https://movie.douban.com/subject/3434070/,太空旅客 / Passengers,3.0
115,2016-12-30,https://movie.douban.com/subject/4202302/,借东西的小人阿莉埃蒂 / 借りぐらしのアリエッティ,3.0
116,2016-12-25,https://movie.douban.com/subject/11526817/,刺客信条 / Assassin's Creed,1.0
117,2016-12-16,https://movie.douban.com/subject/25921812/,驴得水,3.0
118,2016-12-06,https://movie.douban.com/subject/2338055/,西部世界 第一季 / Westworld Season 1,4.0
119,2016-12-06,https://movie.douban.com/subject/25966044/,黑镜 第三季 / Black Mirror Season 3,3.0
120,2016-12-01,https://movie.douban.com/subject/1306607/,K星异客 / K-PAX,4.0
121,2016-11-27,https://movie.douban.com/subject/3072889/,龙虎少年队 / 21 Jump Street,2.0
122,2016-11-27,https://movie.douban.com/subject/1853176/,斯巴达300勇士 / 300,3.0
123,2016-11-27,https://movie.douban.com/subject/1305725/,大卫·戈尔的一生 / The Life of David Gale,3.0
124,2016-11-27,https://movie.douban.com/subject/25955491/,罪恶之家 / An Inspector Calls,3.0
125,2016-11-26,https://movie.douban.com/subject/26000205/,鲨滩 / The Shallows,3.0
126,2016-11-22,https://movie.douban.com/subject/25977027/,小姐 / 아가씨,3.0
127,2016-11-22,https://movie.douban.com/subject/25920885/,神探夏洛克：可恶的新娘 / Sherlock: The Abominable Bride,3.0
128,2016-11-20,https://movie.douban.com/subject/20505982/,寒战2 / 寒戰II,3.0
129,2016-11-20,https://movie.douban.com/subject/6872936/,军火贩 / War Dogs,3.0
130,2016-11-08,https://movie.douban.com/subject/4944008/,香肠派对 / Sausage Party,3.0
131,2016-10-30,https://movie.douban.com/subject/3025375/,奇异博士 / Doctor Strange,3.0
132,2016-10-16,https://movie.douban.com/subject/26437237/,瑞士军刀男 / Swiss Army Man,4.0
133,2016-10-16,https://movie.douban.com/subject/25840396/,首尔站 / 서울역,4.0
134,2016-10-16,https://movie.douban.com/subject/26309892/,网聘女伴 / Mike and Dave Need Wedding Dates,2.0
135,2016-10-16,https://movie.douban.com/subject/26704620/,屏住呼吸 / Don't Breathe,4.0
136,2016-10-15,https://movie.douban.com/subject/25731059/,宾虚 / Ben-Hur,2.0
137,2016-10-14,https://movie.douban.com/subject/26410594/,隧道 / 터널,5.0
138,2016-09-10,https://movie.douban.com/subject/26628357/,一个叫欧维的男人决定去死 / En man som heter Ove,4.0
139,2016-09-10,https://movie.douban.com/subject/3077742/,机械战警 / RoboCop,2.0
140,2016-09-01,https://movie.douban.com/subject/26752006/,冰河世纪：巨蛋恶作剧 / Ice Age: The Great Egg-Scapade,1.0
141,2016-08-20,https://movie.douban.com/subject/25986180/,釜山行 / 부산행,5.0
142,2016-08-09,https://movie.douban.com/subject/3569910/,自杀小队 / Suicide Squad,5.0
143,2016-07-11,https://movie.douban.com/subject/2131940/,魔兽 / Warcraft,4.0
144,2016-07-11,https://movie.douban.com/subject/25862357/,权力的游戏 第六季 / Game of Thrones Season 6,5.0
145,2016-05-23,https://movie.douban.com/subject/25662327/,火锅英雄,3.0
146,2016-04-13,https://movie.douban.com/subject/1295229/,木乃伊 / The Mummy,2.0
147,2016-04-13,https://movie.douban.com/subject/24750534/,蝙蝠侠大战超人：正义黎明 / Batman v Superman: Dawn of Justice,2.0
148,2016-04-06,https://movie.douban.com/subject/6558062/,权力的游戏  第二季 / Game of Thrones Season 2,5.0
149,2016-04-06,https://movie.douban.com/subject/10590706/,权力的游戏 第三季 / Game of Thrones Season 3,5.0
150,2016-04-06,https://movie.douban.com/subject/23232876/,权力的游戏 第四季 / Game of Thrones Season 4,5.0
151,2016-04-06,https://movie.douban.com/subject/25826612/,权力的游戏 第五季 / Game of Thrones Season 5,5.0
152,2016-03-30,https://movie.douban.com/subject/3016187/,权力的游戏 第一季 / Game of Thrones Season 1,4.0
153,2016-03-26,https://movie.douban.com/subject/3017651/,女巫季节 / Season of the Witch,1.0
154,2016-03-25,https://movie.douban.com/subject/25726259/,风骚律师 第一季 / Better Call Saul Season 1,5.0
155,2016-03-24,https://movie.douban.com/subject/1422950/,豺狼计划 / Cry Wolf,2.0
156,2016-03-24,https://movie.douban.com/subject/1305858/,无声言证 / Mute Witness,3.0
157,2016-03-23,https://movie.douban.com/subject/3263169/,假面 / 가면,3.0
158,2016-03-20,https://movie.douban.com/subject/4256328/,绝命毒师  第三季 / Breaking Bad Season 3,3.0
159,2016-03-20,https://movie.douban.com/subject/3586996/,绝命毒师  第二季 / Breaking Bad Season 2,3.0
160,2016-03-20,https://movie.douban.com/subject/2373195/,绝命毒师 第一季 / Breaking Bad Season 1,3.0
161,2016-03-19,https://movie.douban.com/subject/6952149/,绝命毒师  第五季 / Breaking Bad Season 5,4.0
162,2016-03-17,https://movie.douban.com/subject/26336281/,纸牌屋 第四季 / House of Cards Season 4,5.0
163,2016-03-17,https://movie.douban.com/subject/25823412/,纸牌屋 第三季 / House of Cards Season 3,4.0
164,2016-03-17,https://movie.douban.com/subject/25662329/,疯狂动物城 / Zootopia,5.0
165,2016-03-13,https://movie.douban.com/subject/1292332/,移魂都市 / Dark City,4.0
166,2016-03-09,https://movie.douban.com/subject/11589036/,功夫熊猫3 / Kung Fu Panda 3,3.0
167,2016-03-07,https://movie.douban.com/subject/3262050/,美少女特攻队 / Sucker Punch,3.0
168,2016-03-07,https://movie.douban.com/subject/25802407/,功之怒 / Kung Fury,1.0
169,2016-03-06,https://movie.douban.com/subject/25954475/,聚焦 / Spotlight,2.0
170,2016-03-06,https://movie.douban.com/subject/11501396/,边境风云,4.0
171,2016-03-06,https://movie.douban.com/subject/1790577/,放·逐,3.0
172,2016-03-06,https://movie.douban.com/subject/1298112/,堕落天使,5.0
173,2016-03-05,https://movie.douban.com/subject/1455442/,新世纪福音战士剧场版：死与新生 / 新世紀エヴァンゲリオン劇場版 シト新生,
174,2016-03-05,https://movie.douban.com/subject/1308892/,新世纪福音战士剧场版：Air/真心为你 / 新世紀エヴァンゲリオン劇場版 Air/まごころを、君に,5.0
175,2016-03-05,https://movie.douban.com/subject/2567647/,福音战士新剧场版：Q / ヱヴァンゲリヲン新劇場版：Q,4.0
176,2016-03-05,https://movie.douban.com/subject/2081493/,弯刀 / Machete,3.0
177,2016-03-05,https://movie.douban.com/subject/1296623/,两个只能活一个 / 兩個只能活一個,4.0
178,2016-03-05,https://movie.douban.com/subject/4176542/,杀生,3.0
179,2016-02-29,https://movie.douban.com/subject/1293434/,王牌对王牌 / The Negotiator,4.0
180,2016-02-28,https://movie.douban.com/subject/6537486/,登堂入室 / Dans la maison,4.0
181,2016-02-28,https://movie.douban.com/subject/1297478/,上帝也疯狂 / The Gods Must Be Crazy,2.0
182,2016-02-28,https://movie.douban.com/subject/1293530/,角斗士 / Gladiator,4.0
183,2016-02-27,https://movie.douban.com/subject/1302467/,黑客帝国3：矩阵革命 / The Matrix Revolutions,3.0
184,2016-02-27,https://movie.douban.com/subject/1304141/,黑客帝国2：重装上阵 / The Matrix Reloaded,3.0
185,2016-02-27,https://movie.douban.com/subject/1291853/,英国病人 / The English Patient,3.0
186,2016-02-27,https://movie.douban.com/subject/1292286/,我的野蛮女友 / 엽기적인 그녀,4.0
187,2016-02-27,https://movie.douban.com/subject/24750126/,荒蛮故事 / Relatos salvajes,4.0
188,2016-02-26,https://movie.douban.com/subject/25807345/,彗星来的那一夜 / Coherence,3.0
189,2016-02-20,https://movie.douban.com/subject/3718279/,死侍 / Deadpool,3.0
190,2016-02-18,https://movie.douban.com/subject/26613444/,水滴 / Waterdrop,4.0
191,2016-02-17,https://movie.douban.com/subject/25995508/,移动迷宫2 / Maze Runner: The Scorch Trials,1.0
192,2016-02-16,https://movie.douban.com/subject/1433577/,赛末点 / Match Point,3.0
193,2016-02-15,https://movie.douban.com/subject/25919910/,师父,5.0
194,2016-02-14,https://movie.douban.com/subject/22265299/,绝命海拔 / Everest,3.0
195,2016-02-14,https://movie.douban.com/subject/3927750/,两男变错身 / The Change-Up,2.0
196,2016-02-14,https://movie.douban.com/subject/10533913/,头脑特工队 / Inside Out,3.0
197,2016-02-14,https://movie.douban.com/subject/25855951/,贝利叶一家 / La famille Bélier,3.0
198,2016-02-14,https://movie.douban.com/subject/26366465/,我的少女时代 / 我的少女時代,4.0
199,2016-02-14,https://movie.douban.com/subject/3071469/,预产期 / Due Date,2.0
200,2016-02-13,https://movie.douban.com/subject/4004715/,恶老板 / Horrible Bosses,2.0
201,2016-02-11,https://movie.douban.com/subject/4215790/,"疯狂愚蠢的爱 / Crazy, Stupid, Love",3.0
202,2016-02-11,https://movie.douban.com/subject/4196227/,随波逐流 / Just Go with It,4.0
203,2016-02-10,https://movie.douban.com/subject/4280770/,看见恶魔 / 악마를 보았다,3.0
204,2016-02-10,https://movie.douban.com/subject/1308747/,手机,3.0
205,2016-02-10,https://movie.douban.com/subject/5960606/,再见我们的幼儿园 / さよならぼくたちのようちえん,2.0
206,2016-02-10,https://movie.douban.com/subject/2028585/,穿靴子的猫 / Puss in Boots,2.0
207,2016-02-10,https://movie.douban.com/subject/25740192/,骄傲 / Pride,3.0
208,2016-02-10,https://movie.douban.com/subject/19944106/,美人鱼,1.0
209,2016-02-10,https://movie.douban.com/subject/3399559/,南极料理人 / 南極料理人,3.0
210,2016-02-09,https://movie.douban.com/subject/2132220/,三毛从军记,4.0
211,2016-02-09,https://movie.douban.com/subject/25867546/,岳父岳母真难当 / Qu'est-ce qu'on a fait au Bon Dieu?,3.0
212,2016-02-09,https://movie.douban.com/subject/26680558/,一拳超人：英雄之路 / ワンパンマン ロード・トゥ・ヒーロー,4.0
213,2016-02-09,https://movie.douban.com/subject/26339248/,一拳超人 / ワンパンマン,5.0
214,2016-01-31,https://movie.douban.com/subject/26657015/,太子妃升职记,3.0
215,2016-01-31,https://movie.douban.com/subject/26290365/,恶棍天使,1.0
216,2016-01-31,https://movie.douban.com/subject/26607739/,极限挑战之皇家宝藏,2.0
217,2016-01-31,https://movie.douban.com/subject/26636130/,极限挑战 番外篇 终极之战,3.0
218,2016-01-31,https://movie.douban.com/subject/26387728/,极限挑战 第一季,5.0
219,2016-01-16,https://movie.douban.com/subject/25890005/,山河故人,3.0
220,2016-01-10,https://movie.douban.com/subject/25798448/,解救吾先生,3.0
221,2016-01-09,https://movie.douban.com/subject/25787888/,八恶人 / The Hateful Eight,2.0
222,2016-01-09,https://movie.douban.com/subject/26311973/,唐人街探案,1.0
223,2016-01-09,https://movie.douban.com/subject/5327268/,荒野猎人 / The Revenant,3.0
224,2016-01-09,https://movie.douban.com/subject/2364051/,鸡皮疙瘩 / Goosebumps,3.0
225,2016-01-04,https://movie.douban.com/subject/6875863/,恐龙当家 / The Good Dinosaur,2.0
226,2016-01-04,https://movie.douban.com/subject/25917973/,心迷宫,4.0
227,2016-01-04,https://movie.douban.com/subject/24751756/,老炮儿,3.0
228,2015-12-28,https://movie.douban.com/subject/26320029/,万万没想到,2.0
229,2015-12-28,https://movie.douban.com/subject/3077412/,寻龙诀,4.0
230,2015-11-03,https://movie.douban.com/subject/1302770/,阿基拉 / Akira,3.0
231,2015-11-03,https://movie.douban.com/subject/21349345/,移动迷宫 / The Maze Runner,3.0
232,2015-10-29,https://movie.douban.com/subject/6845667/,秘密特工 / The Man from U.N.C.L.E.,5.0
233,2015-10-17,https://movie.douban.com/subject/1308796/,柔道龙虎榜,2.0
234,2015-10-17,https://movie.douban.com/subject/1291870/,雨人 / Rain Man,4.0
235,2015-10-15,https://movie.douban.com/subject/26289144/,滚蛋吧！肿瘤君,3.0
236,2015-10-11,https://movie.douban.com/subject/25864085/,火星救援 / The Martian,3.0
237,2015-10-10,https://movie.douban.com/subject/10727641/,碟中谍5：神秘国度 / Mission: Impossible - Rogue Nation,3.0
238,2015-10-10,https://movie.douban.com/subject/1301886/,居家男人 / The Family Man,4.0
239,2015-10-08,https://movie.douban.com/subject/5948613/,藏獒多吉,3.0
240,2015-10-08,https://movie.douban.com/subject/25964071/,夏洛特烦恼,2.0
241,2015-10-08,https://movie.douban.com/subject/26277313/,西游记之大圣归来,3.0
242,2015-10-03,https://movie.douban.com/subject/10807909/,智取威虎山,3.0
243,2015-10-03,https://movie.douban.com/subject/25710912/,港囧,2.0
244,2015-10-03,https://movie.douban.com/subject/3345619/,IT狂人  第三季 / The IT Crowd Season 3,5.0
245,2015-10-03,https://movie.douban.com/subject/4850563/,IT狂人 第四季 / The IT Crowd Season 4,5.0
246,2015-10-03,https://movie.douban.com/subject/3570688/,IT狂人 第二季 / The IT Crowd Season 2,5.0
247,2015-10-03,https://movie.douban.com/subject/1758810/,IT狂人 第一季 / The IT Crowd Season 1,5.0
248,2015-10-03,https://movie.douban.com/subject/20453087/,IT狂人特别篇 / The IT Crowd: The Internet Is Coming,5.0
249,2015-09-27,https://movie.douban.com/subject/1292348/,洛城机密 / L.A. Confidential,3.0
250,2015-09-27,https://movie.douban.com/subject/1293181/,惊魂记 / Psycho,3.0
251,2015-09-27,https://movie.douban.com/subject/1291578/,冰川时代 / Ice Age,3.0
252,2015-09-27,https://movie.douban.com/subject/3008247/,穿条纹睡衣的男孩 / The Boy in the Striped Pajamas,3.0
253,2015-09-27,https://movie.douban.com/subject/1291579/,"怪兽电力公司 / Monsters, Inc.",
254,2015-09-26,https://movie.douban.com/subject/2999500/,七天 / 세븐데이즈,3.0
255,2015-09-25,https://movie.douban.com/subject/10777687/,7号房的礼物 / 7번방의 선물,4.0
256,2015-09-25,https://movie.douban.com/subject/21937438/,抓住那个家伙 / 몽타주,3.0
257,2015-09-24,https://movie.douban.com/subject/25947154/,爱的那点性事 / The Little Death,3.0
258,2015-09-24,https://movie.douban.com/subject/25845393/,生活大爆炸 第八季 / The Big Bang Theory Season 8,
259,2015-09-24,https://movie.douban.com/subject/4804079/,生活大爆炸  第四季 / The Big Bang Theory Season 4,
260,2015-09-24,https://movie.douban.com/subject/21339708/,生活大爆炸 第七季 / The Big Bang Theory Season 7,
261,2015-09-24,https://movie.douban.com/subject/24719063/,烈日灼心,3.0
262,2015-09-20,https://movie.douban.com/subject/1292222/,出租车司机 / Taxi Driver,3.0
263,2015-09-19,https://movie.douban.com/subject/26595432/,刺客聂隐娘前传,3.0
264,2015-09-19,https://movie.douban.com/subject/25786077/,末日崩塌 / San Andreas,2.0
265,2015-09-19,https://movie.douban.com/subject/25895276/,煎饼侠,1.0
266,2015-09-14,https://movie.douban.com/subject/4180445/,双宝斗恶魔 / Tucker & Dale vs. Evil,3.0
267,2015-09-14,https://movie.douban.com/subject/24397586/,小羊肖恩 / Shaun the Sheep Movie,2.0
268,2015-09-14,https://movie.douban.com/subject/25853727/,破风 / 破風,3.0
269,2015-09-13,https://movie.douban.com/subject/25723907/,捉妖记,2.0
270,2015-09-05,https://movie.douban.com/subject/1301715/,美国精神病人 / American Psycho,3.0
271,2015-09-03,https://movie.douban.com/subject/1389924/,青之炎 / 青の炎,4.0
272,2015-08-26,https://movie.douban.com/subject/19929592/,聋哑部落 / Плем'я,2.0
273,2015-08-23,https://movie.douban.com/subject/6866928/,进击的巨人真人版：前篇 / 進撃の巨人 ATTACK ON TITAN,1.0
274,2015-08-11,https://movie.douban.com/subject/1298653/,荒岛余生 / Cast Away,3.0
275,2015-08-10,https://movie.douban.com/subject/10605978/,私人订制,2.0
276,2015-08-08,https://movie.douban.com/subject/10344754/,毒战 / 毒戰,3.0
277,2015-08-08,https://movie.douban.com/subject/1302434/,机动部队 / PTU,3.0
278,2015-08-07,https://movie.douban.com/subject/1300374/,绿里奇迹 / The Green Mile,3.0
279,2015-08-07,https://movie.douban.com/subject/1397546/,追随 / Following,3.0
280,2015-08-07,https://movie.douban.com/subject/3013580/,意外,3.0
281,2015-08-07,https://movie.douban.com/subject/1484760/,黑社会2：以和为贵 / 黑社會以和為貴,4.0
282,2015-08-07,https://movie.douban.com/subject/1309220/,黑社会 / 黑社會,3.0
283,2015-08-07,https://movie.douban.com/subject/6011806/,厨子戏子痞子,2.0
284,2015-08-07,https://movie.douban.com/subject/25761178/,百元之恋 / 百円の恋,3.0
285,2015-08-07,https://movie.douban.com/subject/23761370/,速度与激情7 / Furious 7,2.0
286,2015-07-26,https://movie.douban.com/subject/6985803/,少年斯派维的奇异旅行 / L'extravagant voyage du jeune et prodigieux T.S. Spivet,3.0
287,2015-07-25,https://movie.douban.com/subject/11808948/,海绵宝宝 / The SpongeBob Movie: Sponge Out of Water,1.0
288,2015-07-25,https://movie.douban.com/subject/6539385/,我是杀人犯 / 내가 살인범이다,3.0
289,2015-07-25,https://movie.douban.com/subject/25766529/,走到尽头 / 끝까지 간다,5.0
290,2015-07-24,https://movie.douban.com/subject/25750969/,夜行者 / Nightcrawler,4.0
291,2015-07-22,https://movie.douban.com/subject/1866473/,蚁人 / Ant-Man,4.0
292,2015-07-19,https://movie.douban.com/subject/3143676/,林中小屋 / The Cabin in the Woods,3.0
293,2015-07-19,https://movie.douban.com/subject/3011997/,伊甸湖 / Eden Lake,3.0
294,2015-07-18,https://movie.douban.com/subject/10440138/,侏罗纪世界 / Jurassic World,3.0
295,2015-07-18,https://movie.douban.com/subject/10741834/,复仇者联盟2：奥创纪元 / Avengers: Age of Ultron,2.0
296,2015-07-18,https://movie.douban.com/subject/3338862/,终结者：创世纪 / Terminator Genisys,3.0
297,2015-07-18,https://movie.douban.com/subject/1305333/,终结者3 / Terminator 3: Rise of the Machines,3.0
298,2015-07-18,https://movie.douban.com/subject/1300656/,终结者 / The Terminator,3.0
299,2015-07-18,https://movie.douban.com/subject/23748525/,进击的巨人 / 進撃の巨人,3.0
300,2015-07-18,https://movie.douban.com/subject/2150220/,白色巨塔 / 白い巨塔,5.0
301,2015-07-18,https://movie.douban.com/subject/4160540/,机械姬 / Ex Machina,3.0
302,2015-07-18,https://movie.douban.com/subject/24879839/,道士下山,1.0
303,2015-07-18,https://movie.douban.com/subject/25823840/,奸臣 / 간신,1.0
304,2015-07-18,https://movie.douban.com/subject/19957083/,泰迪熊2 / Ted 2,2.0
305,2015-07-18,https://movie.douban.com/subject/25752261/,女间谍 / Spy,3.0
306,2015-07-18,https://movie.douban.com/subject/25830802/,对风说爱你 / 風中家族,3.0
307,2015-05-18,https://movie.douban.com/subject/3592854/,疯狂的麦克斯4：狂暴之路 / Mad Max: Fury Road,5.0
308,2015-05-10,https://movie.douban.com/subject/25774050/,寄生兽 / 寄生獣,3.0
309,2015-05-10,https://movie.douban.com/subject/21263666/,美国狙击手 / American Sniper,1.0
310,2015-05-10,https://movie.douban.com/subject/1292656/,心灵捕手 / Good Will Hunting,5.0
311,2015-05-10,https://movie.douban.com/subject/10463953/,模仿游戏 / The Imitation Game,5.0
312,2015-03-16,https://movie.douban.com/subject/25773932/,爆裂鼓手 / Whiplash,4.0
313,2015-02-18,https://movie.douban.com/subject/11026735/,超能陆战队 / Big Hero 6,3.0
314,2015-02-16,https://movie.douban.com/subject/24405378/,王牌特工：特工学院 / Kingsman: The Secret Service,3.0
315,2015-02-16,https://movie.douban.com/subject/24840488/,五十度灰 / Fifty Shades of Grey,3.0
316,2015-02-11,https://movie.douban.com/subject/25805054/,十万个冷笑话,1.0
317,2015-02-03,https://movie.douban.com/subject/1308741/,独自等待,5.0
318,2015-02-03,https://movie.douban.com/subject/3690289/,春风沉醉的夜晚,4.0
319,2015-02-02,https://movie.douban.com/subject/21324293/,性爱录像带 / Sex Tape,1.0
320,2015-02-02,https://movie.douban.com/subject/10741643/,我的个神啊 / PK,2.0
321,2015-02-02,https://movie.douban.com/subject/6126442/,一步之遥,1.0
322,2015-02-02,https://movie.douban.com/subject/25742294/,爸爸去哪儿 第一季,4.0
323,2015-02-02,https://movie.douban.com/subject/25985617/,一年级·小学季,2.0
324,2015-02-02,https://movie.douban.com/subject/3926132/,爱情公寓,3.0
325,2015-02-02,https://movie.douban.com/subject/4707205/,爱情公寓2,3.0
326,2015-02-02,https://movie.douban.com/subject/6312211/,爱情公寓3,3.0
327,2015-02-02,https://movie.douban.com/subject/10793510/,爱情公寓4,3.0
328,2015-02-02,https://movie.douban.com/subject/25899362/,奔跑吧兄弟 第一季,3.0
329,2015-01-31,https://movie.douban.com/subject/25834473/,我的早更女友,2.0
330,2015-01-27,https://movie.douban.com/subject/7054120/,黑镜 第一季 / Black Mirror Season 1,5.0
331,2015-01-26,https://movie.douban.com/subject/20451471/,听见下雨的声音 / 聽見下雨的聲音,1.0
332,2015-01-26,https://movie.douban.com/subject/26263504/,我很好，谢谢，我爱你 / ไอฟาย..แต๊งกิ้ว..เลิฟยู้,4.0
333,2015-01-26,https://movie.douban.com/subject/24843198/,同桌的妳,2.0
334,2015-01-26,https://movie.douban.com/subject/24695277/,一个人的武林,2.0
335,2015-01-18,https://movie.douban.com/subject/7051357/,魁拔之大战元泱界,3.0
336,2015-01-18,https://movie.douban.com/subject/4881607/,撒娇女人最好命,3.0
337,2015-01-18,https://movie.douban.com/subject/3654340/,宿醉2 / The Hangover Part II,3.0
338,2015-01-18,https://movie.douban.com/subject/3230459/,李米的猜想,4.0
339,2015-01-18,https://movie.douban.com/subject/20020577/,推拿,4.0
340,2015-01-18,https://movie.douban.com/subject/3387483/,特警判官 / Dredd,4.0
341,2015-01-16,https://movie.douban.com/subject/3026357/,老爷车 / Gran Torino,3.0
342,2015-01-16,https://movie.douban.com/subject/24879820/,奇怪的她 / 수상한 그녀,3.0
343,2015-01-16,https://movie.douban.com/subject/1907966/,疯狂原始人 / The Croods,3.0
344,2015-01-16,https://movie.douban.com/subject/10772258/,麦兜·当当伴我心 / 麥兜‧噹噹伴我心,5.0
345,2015-01-15,https://movie.douban.com/subject/21349734/,博物馆奇妙夜3 / Night at the Museum: Secret of the Tomb,3.0
346,2014-12-25,https://movie.douban.com/subject/2998373/,帕丁顿熊 / Paddington,5.0
347,2014-12-24,https://movie.douban.com/subject/1789292/,蠢蛋搞怪秀2 / Jackass Number Two,3.0
348,2014-12-24,https://movie.douban.com/subject/24879770/,蠢蛋搞怪秀4：坏外公 / Jackass Presents: Bad Grandpa,3.0
349,2014-12-24,https://movie.douban.com/subject/25769362/,哆啦A梦：伴我同行 / STAND BY ME ドラえもん,3.0
350,2014-12-24,https://movie.douban.com/subject/2973079/,霍比特人3：五军之战 / The Hobbit: The Battle of the Five Armies,3.0
351,2014-12-24,https://movie.douban.com/subject/25831326/,临时同居 / 失戀急讓,2.0
352,2014-12-24,https://movie.douban.com/subject/1301359/,五个扑水的少年 / ウォーターボーイズ,4.0
353,2014-12-24,https://movie.douban.com/subject/24741412/,哪啊哪啊神去村 / WOOD JOB！神去なあなあ日常,3.0
354,2014-12-24,https://movie.douban.com/subject/21318488/,消失的爱人 / Gone Girl,4.0
355,2014-12-22,https://movie.douban.com/subject/21359619/,单身男女2 / 單身男女II,2.0
356,2014-12-22,https://movie.douban.com/subject/1418200/,傲慢与偏见 / Pride & Prejudice,3.0
357,2014-12-22,https://movie.douban.com/subject/3071441/,雪国列车 / 설국열차,3.0
358,2014-12-17,https://movie.douban.com/subject/10562987/,美女与野兽 / La belle et la bête,2.0
359,2014-11-24,https://movie.douban.com/subject/1292220/,情书 / Love Letter,3.0
360,2014-11-24,https://movie.douban.com/subject/1295409/,纵横四海 / 緃横四海,3.0
361,2014-11-22,https://movie.douban.com/subject/10807916/,白发魔女传之明月天国,2.0
362,2014-11-22,https://movie.douban.com/subject/11614603/,整容日记,1.0
363,2014-11-17,https://movie.douban.com/subject/3072124/,玛丽和马克思 / Mary and Max,3.0
364,2014-11-17,https://movie.douban.com/subject/10577854/,阿呆与阿瓜2 / Dumb and Dumber To,2.0
365,2014-11-10,https://movie.douban.com/subject/1889243/,星际穿越 / Interstellar,4.0
366,2014-11-05,https://movie.douban.com/subject/4116480/,菲利普船长 / Captain Phillips,3.0
367,2014-11-05,https://movie.douban.com/subject/23331914/,狂怒 / Fury,4.0
368,2014-10-26,https://movie.douban.com/subject/1305164/,甜蜜蜜,5.0
369,2014-10-26,https://movie.douban.com/subject/1303021/,小鞋子 / بچههای آسمان,3.0
370,2014-10-26,https://movie.douban.com/subject/24745500/,绣春刀,4.0
371,2014-10-26,https://movie.douban.com/subject/25798222/,亲爱的,4.0
372,2014-10-26,https://movie.douban.com/subject/25717233/,心花路放,3.0
373,2014-10-26,https://movie.douban.com/subject/1291847/,十七岁的单车,3.0
374,2014-09-30,https://movie.douban.com/subject/24743711/,催眠大师,3.0
375,2014-09-30,https://movie.douban.com/subject/21941804/,白日焰火,4.0
376,2014-09-30,https://movie.douban.com/subject/25755645/,老男孩猛龙过江,1.0
377,2014-09-30,https://movie.douban.com/subject/24879858/,分手大师,1.0
378,2014-09-30,https://movie.douban.com/subject/1428055/,罪恶之城2 / Sin City: A Dame to Kill For,3.0
379,2014-09-14,https://movie.douban.com/subject/6776051/,平常的心 / The Normal Heart,3.0
380,2014-09-13,https://movie.douban.com/subject/24858414/,白雪公主杀人事件 / 白ゆき姫殺人事件,3.0
381,2014-09-07,https://movie.douban.com/subject/24404677/,超体 / Lucy,3.0
382,2014-08-29,https://movie.douban.com/subject/3217149/,忍者神龟：变种时代 / Teenage Mutant Ninja Turtles,2.0
383,2014-08-29,https://movie.douban.com/subject/3157583/,宙斯之子：赫拉克勒斯 / Hercules,1.0
384,2014-08-29,https://movie.douban.com/subject/11610281/,敢死队3 / The Expendables 3,2.0
385,2014-08-03,https://movie.douban.com/subject/7065154/,银河护卫队 / Guardians of the Galaxy,3.0
386,2014-08-03,https://movie.douban.com/subject/24698878/,落魄大厨 / Chef,4.0
387,2014-07-25,https://movie.douban.com/subject/23997724/,胜者即是正义2 / リーガルハイ2,3.0
388,2014-07-25,https://movie.douban.com/subject/6037429/,纸牌屋 第一季 / House of Cards Season 1,5.0
389,2014-07-25,https://movie.douban.com/subject/11525673/,布达佩斯大饭店 / The Grand Budapest Hotel,3.0
390,2014-07-09,https://movie.douban.com/subject/24697949/,半泽直树 / 半沢直樹,5.0
391,2014-06-28,https://movie.douban.com/subject/21937445/,辩护人 / 변호인,4.0
392,2014-06-28,https://movie.douban.com/subject/3075287/,源代码 / Source Code,5.0
393,2014-06-28,https://movie.douban.com/subject/3007773/,海盗电台 / The Boat That Rocked,5.0
394,2014-06-21,https://movie.douban.com/subject/4746257/,明日边缘 / Edge of Tomorrow,4.0
395,2014-06-21,https://movie.douban.com/subject/4301224/,沉睡魔咒 / Maleficent,3.0
396,2014-05-24,https://movie.douban.com/subject/10485647/,X战警：逆转未来 / X-Men: Days of Future Past,4.0
397,2014-05-24,https://movie.douban.com/subject/2063914/,哥斯拉 / Godzilla,4.0
398,2014-05-24,https://movie.douban.com/subject/6082518/,超凡蜘蛛侠2 / The Amazing Spider-Man 2,3.0
399,2014-04-18,https://movie.douban.com/subject/11443314/,里约大冒险2 / Rio 2,3.0
400,2014-04-18,https://movie.douban.com/subject/6390823/,美国队长2 / Captain America: The Winter Soldier,4.0
401,2014-03-24,https://movie.douban.com/subject/1793929/,达拉斯买家俱乐部 / Dallas Buyers Club,5.0
402,2014-03-24,https://movie.douban.com/subject/2997076/,华尔街之狼 / The Wolf of Wall Street,4.0
403,2014-03-19,https://movie.douban.com/subject/4202982/,冰雪奇缘 / Frozen,4.0
404,2014-03-19,https://movie.douban.com/subject/1293318/,萤火虫之墓 / 火垂るの墓,3.0
405,2014-03-08,https://movie.douban.com/subject/6873657/,美国骗局 / American Hustle,3.0
406,2014-03-08,https://movie.douban.com/subject/3148089/,300勇士：帝国崛起 / 300: Rise of an Empire,2.0
407,2014-03-04,https://movie.douban.com/subject/10598440/,空中营救 / Non-Stop,4.0
408,2014-03-03,https://movie.douban.com/subject/3279054/,老男孩 / Oldboy,1.0
409,2014-03-01,https://movie.douban.com/subject/22523356/,纸牌屋 第二季 / House of Cards Season 2,5.0
410,2014-03-01,https://movie.douban.com/subject/3927734/,乐高大电影 / The Lego Movie,5.0
411,2014-01-03,https://movie.douban.com/subject/2133323/,白日梦想家 / The Secret Life of Walter Mitty,5.0
412,2014-01-03,https://movie.douban.com/subject/3326730/,四十七浪人 / 47 Ronin,3.0
413,2014-01-03,https://movie.douban.com/subject/11606328/,霍比特人2：史矛革之战 / The Hobbit: The Desolation of Smaug,4.0
414,2013-11-24,https://movie.douban.com/subject/6874456/,饥饿游戏2：星火燎原 / The Hunger Games: Catching Fire,3.0
415,2013-11-17,https://movie.douban.com/subject/5323957/,安德的游戏 / Ender's Game,3.0
416,2013-11-17,https://movie.douban.com/subject/3569911/,全面回忆 / Total Recall,3.0
417,2013-11-17,https://movie.douban.com/subject/3592859/,囚徒 / Prisoners,3.0
418,2013-11-17,https://movie.douban.com/subject/21360417/,恐怖直播 / 더 테러 라이브,5.0
419,2013-11-17,https://movie.douban.com/subject/10432911/,流感 / 감기,5.0
420,2013-11-03,https://movie.douban.com/subject/6560058/,雷神2：黑暗世界 / Thor: The Dark World,3.0
421,2013-11-03,https://movie.douban.com/subject/4915857/,神偷奶爸2 / Despicable Me 2,2.0
422,2013-11-03,https://movie.douban.com/subject/3025447/,金蝉脱壳 / Escape Plan,3.0
423,2013-10-10,https://movie.douban.com/subject/20505641/,蓝雨伞之恋 / The Blue Umbrella,5.0
424,2013-10-09,https://movie.douban.com/subject/7051900/,宿醉3 / The Hangover Part III,2.0
425,2013-10-06,https://movie.douban.com/subject/3793783/,地心引力 / Gravity,5.0
426,2013-09-22,https://movie.douban.com/subject/3364223/,了不起的盖茨比 / The Great Gatsby,5.0
427,2013-09-11,https://movie.douban.com/subject/2132473/,僵尸世界大战 / World War Z,2.0
428,2013-08-30,https://movie.douban.com/subject/10745405/,冒牌家庭 / We're the Millers,5.0
429,2013-08-27,https://movie.douban.com/subject/4830478/,海扁王2 / Kick-Ass 2,3.0
430,2013-08-10,https://movie.douban.com/subject/3718424/,金刚狼2 / The Wolverine,3.0
431,2013-07-15,https://movie.douban.com/subject/5323968/,环太平洋 / Pacific Rim,4.0
432,2013-07-02,https://movie.douban.com/subject/3789848/,怪兽大学 / Monsters University,4.0
433,2013-07-02,https://movie.douban.com/subject/2049435/,超人：钢铁之躯 / Man of Steel,3.0
434,2013-05-25,https://movie.douban.com/subject/10437779/,新世界 / 신세계,5.0
435,2013-05-24,https://movie.douban.com/subject/3642843/,星际迷航2：暗黑无界 / Star Trek Into Darkness,3.0
436,2013-05-24,https://movie.douban.com/subject/7015798/,寻找小糖人 / Searching for Sugar Man,5.0
437,2013-05-24,https://movie.douban.com/subject/1820156/,我是传奇 / I Am Legend,3.0
438,2013-05-24,https://movie.douban.com/subject/6985810/,狩猎 / Jagten,4.0
439,2013-05-24,https://movie.douban.com/subject/1297689/,少数派报告 / Minority Report,3.0
440,2013-05-24,https://movie.douban.com/subject/1302827/,人工智能 / Artificial Intelligence: AI,3.0
441,2013-05-24,https://movie.douban.com/subject/3592853/,饥饿游戏 / The Hunger Games,3.0
442,2013-05-24,https://movie.douban.com/subject/1293399/,莫扎特传 / Amadeus,3.0
443,2013-05-24,https://movie.douban.com/subject/1900848/,末代独裁 / The Last King of Scotland,4.0
444,2013-05-24,https://movie.douban.com/subject/1293373/,一级谋杀 / Murder in the First,5.0
445,2013-05-24,https://movie.douban.com/subject/3530403/,云图 / Cloud Atlas,3.0
446,2013-05-24,https://movie.douban.com/subject/1482090/,刑房 / Grindhouse,4.0
447,2013-05-24,https://movie.douban.com/subject/1307793/,燕尾蝶 / スワロウテイル,5.0
448,2013-05-24,https://movie.douban.com/subject/6536180/,黑暗面 / La cara oculta,4.0
449,2013-05-24,https://movie.douban.com/subject/5908859/,四十而惑 / This Is 40,3.0
450,2013-05-24,https://movie.douban.com/subject/3231742/,钢铁侠3 / Iron Man 3,3.0
451,2013-05-24,https://movie.douban.com/subject/6880497/,盗钥匙的方法 / 鍵泥棒のメソッド,3.0
452,2013-05-24,https://movie.douban.com/subject/3895511/,遗落战境 / Oblivion,3.0
453,2013-05-24,https://movie.douban.com/subject/4301181/,特种部队2：全面反击 / G.I. Joe: Retaliation,3.0
454,2013-05-24,https://movie.douban.com/subject/6860160/,悲惨世界 / Les Misérables,5.0
455,2013-05-24,https://movie.douban.com/subject/1292328/,东邪西毒 / 東邪西毒,4.0
456,2013-05-24,https://movie.douban.com/subject/1295124/,辛德勒的名单 / Schindler's List,4.0
457,2013-05-24,https://movie.douban.com/subject/1292370/,剪刀手爱德华 / Edward Scissorhands,3.0
458,2013-03-19,https://movie.douban.com/subject/1291868/,情人 / L'amant,3.0
459,2013-03-17,https://movie.douban.com/subject/1296185/,"移魂女郎 / Girl, Interrupted",3.0
460,2013-03-17,https://movie.douban.com/subject/1759386/,了不起的狐狸爸爸 / Fantastic Mr. Fox,5.0
461,2013-03-12,https://movie.douban.com/subject/6753166/,七个神经病 / Seven Psychopaths,3.0
462,2013-03-12,https://movie.douban.com/subject/3271093/,北壁 / Nordwand,5.0
463,2013-03-03,https://movie.douban.com/subject/1929463/,少年派的奇幻漂流 / Life of Pi,3.0
464,2013-03-03,https://movie.douban.com/subject/3094909/,乌云背后的幸福线 / Silver Linings Playbook,4.0
465,2013-02-24,https://movie.douban.com/subject/5308265/,西游降魔篇,3.0
466,2013-02-18,https://movie.douban.com/subject/6549903/,逃离德黑兰 / Argo,3.0
467,2013-02-18,https://movie.douban.com/subject/1937257/,微不足道 / Big Nothing,5.0
468,2013-02-17,https://movie.douban.com/subject/10945551/,辛普森一家：托儿所的漫长日 / The Simpsons: The Longest Daycare,4.0
469,2013-02-15,https://movie.douban.com/subject/20491427/,2B青年的不醉人生,2.0
470,2013-02-15,https://movie.douban.com/subject/1299135/,92黑玫瑰对黑玫瑰 / 92黑玫瑰對黑玫瑰,1.0
471,2013-02-14,https://movie.douban.com/subject/1305564/,八星报喜 / 八星報喜,3.0
472,2013-02-14,https://movie.douban.com/subject/6534248/,无敌破坏王 / Wreck-It Ralph,5.0
473,2013-02-13,https://movie.douban.com/subject/1306392/,豪门夜宴 / 豪門夜宴,4.0
474,2013-02-10,https://movie.douban.com/subject/6394339/,26种死法 / The ABCs of Death,1.0
475,2013-02-02,https://movie.douban.com/subject/6890730/,寒战 / 寒戰,4.0
476,2013-02-02,https://movie.douban.com/subject/20473389/,坏未来,3.0
477,2013-02-02,https://movie.douban.com/subject/1291549/,放牛班的春天 / Les choristes,4.0
478,2013-02-02,https://movie.douban.com/subject/1291992/,末路狂花 / Thelma & Louise,4.0
479,2013-02-01,https://movie.douban.com/subject/1292785/,空前绝后满天飞 / Airplane!,2.0
480,2013-01-19,https://movie.douban.com/subject/6985986/,驯龙高手番外篇：龙的礼物 / Dragons: Gift of the Night Fury,3.0
481,2013-01-19,https://movie.douban.com/subject/6307447/,被解救的姜戈 / Django Unchained,3.0
482,2013-01-13,https://movie.douban.com/subject/2363876/,007：大破天幕杀机 / Skyfall,3.0
483,2013-01-09,https://movie.douban.com/subject/3606971/,飓风营救2 / Taken 2,2.0
484,2013-01-09,https://movie.douban.com/subject/4212172/,十二生肖,2.0
485,2013-01-09,https://movie.douban.com/subject/1966182/,霍比特人1：意外之旅 / The Hobbit: An Unexpected Journey,3.0
486,2013-01-02,https://movie.douban.com/subject/1293182/,十二怒汉 / 12 Angry Men,4.0
487,2012-12-29,https://movie.douban.com/subject/1291554/,歌剧魅影 / The Phantom of the Opera,3.0
488,2012-12-27,https://movie.douban.com/subject/10574622/,人再囧途之泰囧,4.0
489,2012-12-20,https://movie.douban.com/subject/1305197/,97家有喜事 / 97家有囍事,3.0
490,2012-12-20,https://movie.douban.com/subject/1301061/,纽约黑帮 / Gangs of New York,3.0
491,2012-12-15,https://movie.douban.com/subject/1306982/,吸血鬼猎人D / Vampire Hunter D: Bloodlust,3.0
492,2012-11-14,https://movie.douban.com/subject/1299054/,香草的天空 / Vanilla Sky,3.0
493,2012-11-14,https://movie.douban.com/subject/4304402/,精英部队2：大敌当前 / Tropa de Elite 2 - O Inimigo Agora É Outro,5.0
494,2012-11-08,https://movie.douban.com/subject/1309160/,机械师 / The Machinist,3.0
495,2012-11-06,https://movie.douban.com/subject/1388216/,撞车 / Crash,3.0
496,2012-11-05,https://movie.douban.com/subject/1310165/,冰峰168小时 / Touching the Void,5.0
497,2012-11-05,https://movie.douban.com/subject/5502697/,夺宝联盟 / 도둑들,4.0
498,2012-10-31,https://movie.douban.com/subject/1293527/,美国X档案 / American History X,4.0
499,2012-10-21,https://movie.douban.com/subject/1308777/,暖暖内含光 / Eternal Sunshine of the Spotless Mind,3.0
500,2012-10-20,https://movie.douban.com/subject/1291548/,死亡诗社 / Dead Poets Society,3.0
501,2012-10-20,https://movie.douban.com/subject/4798888/,叫我第一名 / Front of the Class,3.0
502,2012-10-19,https://movie.douban.com/subject/10508876/,邻居 / 이웃사람,4.0
503,2012-10-19,https://movie.douban.com/subject/1308843/,"我，机器人 / I, Robot",1.0
504,2012-10-17,https://movie.douban.com/subject/1309054/,天气预报员 / The Weather Man,5.0
505,2012-10-15,https://movie.douban.com/subject/5322596/,超脱 / Detachment,4.0
506,2012-10-15,https://movie.douban.com/subject/4022090/,下一站，说爱你 / รถไฟฟ้า…มาหานะเธอ,4.0
507,2012-10-15,https://movie.douban.com/subject/1306505/,红高粱,4.0
508,2012-10-07,https://movie.douban.com/subject/1298084/,硅谷传奇 / Pirates of Silicon Valley,3.0
509,2012-10-06,https://movie.douban.com/subject/3073124/,月球 / Moon,4.0
510,2012-10-02,https://movie.douban.com/subject/1294639/,勇敢的心 / Braveheart,4.0
511,2012-09-30,https://movie.douban.com/subject/3007817/,裂缝 / Cracks,3.0
512,2012-09-29,https://movie.douban.com/subject/1308751/,特洛伊 / Troy,4.0
513,2012-09-28,https://movie.douban.com/subject/1291822/,卢旺达饭店 / Hotel Rwanda,3.0
514,2012-09-28,https://movie.douban.com/subject/6869395/,低俗喜剧 / 低俗喜劇,2.0
515,2012-09-27,https://movie.douban.com/subject/1291557/,花样年华 / 花樣年華,3.0
516,2012-09-26,https://movie.douban.com/subject/3718665/,诈欺游戏 电影版 / ライアーゲーム　ザ・ファイナルステージ,3.0
517,2012-09-25,https://movie.douban.com/subject/1299153/,异形4 / Alien: Resurrection,4.0
518,2012-09-25,https://movie.douban.com/subject/1297929/,异形3 / Alien³,2.0
519,2012-09-25,https://movie.douban.com/subject/1293792/,异形2 / Aliens,3.0
520,2012-09-22,https://movie.douban.com/subject/1300868/,异形 / Alien,4.0
521,2012-09-22,https://movie.douban.com/subject/6395245/,破产姐妹 第一季 / 2 Broke Girls Season 1,3.0
522,2012-09-20,https://movie.douban.com/subject/3771562/,普罗米修斯 / Prometheus,3.0
523,2012-09-17,https://movie.douban.com/subject/6984051/,名侦探柯南：第十一名前锋 / 名探偵コナン 11人目のストライカー,1.0
524,2012-09-15,https://movie.douban.com/subject/1293172/,末代皇帝 / The Last Emperor,4.0
525,2012-09-10,https://movie.douban.com/subject/4896303/,哆啦A梦：新·大雄与铁人兵团 / 新・のび太と鉄人兵団 〜はばたけ 天使たち〜,3.0
526,2012-08-30,https://movie.douban.com/subject/1300992/,完美的世界 / A Perfect World,4.0
527,2012-08-30,https://movie.douban.com/subject/1293764/,与狼共舞 / Dances with Wolves,3.0
528,2012-08-27,https://movie.douban.com/subject/1432146/,钢铁侠 / Iron Man,4.0
529,2012-08-27,https://movie.douban.com/subject/6855094/,绣花鞋,1.0
530,2012-08-25,https://movie.douban.com/subject/1304585/,BJ单身日记 / Bridget Jones's Diary,3.0
531,2012-08-19,https://movie.douban.com/subject/4914468/,冰川时代4 / Ice Age: Continental Drift,3.0
532,2012-08-19,https://movie.douban.com/subject/10831449/,搞定岳父大人,3.0
533,2012-08-18,https://movie.douban.com/subject/6991110/,消失的子弹,3.0
534,2012-08-10,https://movie.douban.com/subject/4807924/,泰迪熊 / Ted,3.0
535,2012-07-27,https://movie.douban.com/subject/1304026/,我要复仇 / 복수는 나의 것,3.0
536,2012-07-27,https://movie.douban.com/subject/1412579/,亲切的金子 / 친절한 금자씨,3.0
537,2012-07-27,https://movie.douban.com/subject/1763134/,汉江怪物 / 괴물,4.0
538,2012-07-27,https://movie.douban.com/subject/1418189/,蜘蛛侠3 / Spider-Man 3,3.0
539,2012-07-27,https://movie.douban.com/subject/1308570/,蜘蛛侠2 / Spider-Man 2,3.0
540,2012-07-27,https://movie.douban.com/subject/1306612/,蜘蛛侠 / Spider-Man,4.0
541,2012-07-27,https://movie.douban.com/subject/1309043/,金刚 / King Kong,4.0
542,2012-07-27,https://movie.douban.com/subject/1301753/,狮子王 / The Lion King,4.0
543,2012-07-26,https://movie.douban.com/subject/3395373/,蝙蝠侠：黑暗骑士崛起 / The Dark Knight Rises,5.0
544,2012-07-24,https://movie.douban.com/subject/5919662/,皇家律师  第一季 / Silk Season 1,4.0
545,2012-07-08,https://movie.douban.com/subject/2080007/,金刚不坏 / Death Proof,3.0
546,2012-07-05,https://movie.douban.com/subject/2336737/,米尔克 / Milk,3.0
547,2012-07-05,https://movie.douban.com/subject/1299327/,夜访吸血鬼 / Interview with the Vampire: The Vampire Chronicles,4.0
548,2012-07-05,https://movie.douban.com/subject/2129132/,超凡蜘蛛侠 / The Amazing Spider-Man,4.0
549,2012-07-05,https://movie.douban.com/subject/5413527/,国土安全  第一季 / Homeland Season 1,3.0
550,2012-06-30,https://movie.douban.com/subject/10491666/,胜者即是正义 / リーガル・ハイ,4.0
551,2012-06-30,https://movie.douban.com/subject/1870044/,波拉特 / Borat: Cultural Learnings of America for Make Benefit Glorious Nation of Kazakhstan,3.0
552,2012-06-30,https://movie.douban.com/subject/6557005/,生活大爆炸  第五季 / The Big Bang Theory Season 5,4.0
553,2012-06-28,https://movie.douban.com/subject/10762817/,幽灵行动阿尔法 / Ghost Recon: Alpha,4.0
554,2012-06-28,https://movie.douban.com/subject/10543699/,科尼 2012 / Kony 2012,3.0
555,2012-06-24,https://movie.douban.com/subject/1301566/,蠢蛋搞怪秀 / Jackass: The Movie,3.0
556,2012-06-23,https://movie.douban.com/subject/1295865/,燃情岁月 / Legends of the Fall,5.0
557,2012-06-20,https://movie.douban.com/subject/4845728/,独裁者 / The Dictator,5.0
558,2012-06-17,https://movie.douban.com/subject/1301409/,杀出个黎明 / From Dusk Till Dawn,4.0
559,2012-06-17,https://movie.douban.com/subject/5924362/,与犯罪的战争：坏家伙的全盛时代 / 범죄와의 전쟁 : 나쁜놈들 전성시대,3.0
560,2012-06-17,https://movie.douban.com/subject/1309163/,恋恋笔记本 / The Notebook,4.0
561,2012-06-05,https://movie.douban.com/subject/5327463/,白雪公主与猎人 / Snow White and the Huntsman,3.0
562,2012-05-27,https://movie.douban.com/subject/2037012/,革命之路 / Revolutionary Road,
563,2012-05-27,https://movie.douban.com/subject/3642835/,黑衣人3 / Men in Black III,2.0
564,2012-05-15,https://movie.douban.com/subject/1900841/,窃听风暴 / Das Leben der Anderen,5.0
565,2012-05-15,https://movie.douban.com/subject/1304624/,旺角卡门 / 旺角卡門,5.0
566,2012-05-15,https://movie.douban.com/subject/1309070/,飞行家 / The Aviator,3.0
567,2012-05-15,https://movie.douban.com/subject/6062731/,亲密敌人,
568,2012-05-07,https://movie.douban.com/subject/1866479/,复仇者联盟 / The Avengers,4.0
569,2012-04-13,https://movie.douban.com/subject/6386345/,春娇与志明 / 春嬌與志明,3.0
570,2012-04-12,https://movie.douban.com/subject/2054933/,阅后即焚 / Burn After Reading,3.0
571,2012-04-12,https://movie.douban.com/subject/1309199/,史密斯夫妇 / Mr. & Mrs. Smith,4.0
572,2012-04-12,https://movie.douban.com/subject/1471507/,十三罗汉 / Ocean's Thirteen,3.0
573,2012-04-12,https://movie.douban.com/subject/1292344/,十二罗汉 / Ocean's Twelve,3.0
574,2012-04-12,https://movie.douban.com/subject/1301578/,十一罗汉 / Ocean's Eleven,3.0
575,2012-04-12,https://movie.douban.com/subject/2160611/,恐怖星球 / Planet Terror,4.0
576,2012-04-11,https://movie.douban.com/subject/5450891/,泰坦尼克号 3D版 / Titanic 3D,5.0
577,2012-04-07,https://movie.douban.com/subject/1293414/,阮玲玉,4.0
578,2012-03-28,https://movie.douban.com/subject/1291818/,饮食男女 / 飲食男女,5.0
579,2012-03-27,https://movie.douban.com/subject/1418834/,断背山 / Brokeback Mountain,4.0
580,2012-03-26,https://movie.douban.com/subject/3071509/,后裔 / The Descendants,4.0
581,2012-03-25,https://movie.douban.com/subject/1301168/,卧虎藏龙 / 臥虎藏龍,4.0
582,2012-03-24,https://movie.douban.com/subject/1303037/,喜宴 / 囍宴,5.0
583,2012-03-22,https://movie.douban.com/subject/1293315/,阿郎的故事,3.0
584,2012-03-15,https://movie.douban.com/subject/3731463/,罪与罚 / 殺人犯,2.0
585,2012-03-15,https://movie.douban.com/subject/2301363/,继续活下去的5个故事 / ZOO 生きて行く五の物語,1.0
586,2012-03-13,https://movie.douban.com/subject/4167113/,久石让在武道馆：与宫崎骏动画一同走过的25年 / 久石譲 in 武道館 ~宮崎アニメと共に歩んだ25年間,4.0
587,2012-03-12,https://movie.douban.com/subject/1470592/,红色的梦 / Red's Dream,3.0
588,2012-03-11,https://movie.douban.com/subject/3569969/,孩子们都很好 / The Kids Are All Right,3.0
589,2012-03-11,https://movie.douban.com/subject/3734350/,暴力云与送子鹳 / Partly Cloudy,4.0
590,2012-03-11,https://movie.douban.com/subject/1945780/,血色将至 / There Will Be Blood,3.0
591,2012-03-07,https://movie.douban.com/subject/1309060/,僵尸新娘 / Corpse Bride,3.0
592,2012-03-07,https://movie.douban.com/subject/4316668/,进化简史 / A Brief History Of Pretty Much Everything,3.0
593,2012-03-07,https://movie.douban.com/subject/4016948/,黑洞 / The Black Hole,4.0
594,2012-03-07,https://movie.douban.com/subject/1296996/,哈利·波特与密室 / Harry Potter and the Chamber of Secrets,
595,2012-03-07,https://movie.douban.com/subject/10521648/,穿靴子的猫：萌猫三剑客 / Puss in Boots: The Three Diablos,3.0
596,2012-03-07,https://movie.douban.com/subject/6846495/,调音师 / L'accordeur,4.0
597,2012-03-07,https://movie.douban.com/subject/3726072/,东邪西毒：终极版 / 東邪西毒終極版,4.0
598,2012-03-05,https://movie.douban.com/subject/1292680/,深海狂鲨 / Deep Blue Sea,3.0
599,2012-03-05,https://movie.douban.com/subject/1308252/,江湖告急,5.0
600,2012-03-05,https://movie.douban.com/subject/1470603/,跳跳羊 / Boundin',4.0
601,2012-03-05,https://movie.douban.com/subject/1756584/,光杆乐队 / One Man Band,4.0
602,2012-03-05,https://movie.douban.com/subject/1300064/,家有喜事,4.0
603,2012-03-05,https://movie.douban.com/subject/1292843/,黄飞鸿之西域雄狮 / 黃飛鴻之西域雄獅,3.0
604,2012-03-05,https://movie.douban.com/subject/1296203/,警察故事3：超级警察 / 警察故事III超級警察,3.0
605,2012-03-05,https://movie.douban.com/subject/1307807/,Office有鬼,
606,2012-03-05,https://movie.douban.com/subject/1308912/,力王,4.0
607,2012-03-05,https://movie.douban.com/subject/1298252/,胜者为王 / 勝者為王,4.0
608,2012-03-05,https://movie.douban.com/subject/1297924/,水浒传之英雄本色 / 水滸傳之英雄本色,2.0
609,2012-03-05,https://movie.douban.com/subject/1300265/,六指琴魔,3.0
610,2012-03-05,https://movie.douban.com/subject/1400868/,警察故事,3.0
611,2012-03-05,https://movie.douban.com/subject/1295485/,方世玉续集,3.0
612,2012-03-05,https://movie.douban.com/subject/1298040/,倩女幽魂3：道道道 / 倩女幽魂Ⅲ 道道道,4.0
613,2012-03-05,https://movie.douban.com/subject/1296011/,红番区 / 紅番區,2.0
614,2012-03-05,https://movie.douban.com/subject/1308290/,98古惑仔之龙争虎斗 / 98古惑仔之龍爭虎鬥,4.0
615,2012-03-05,https://movie.douban.com/subject/1301283/,古惑仔3之只手遮天 / 古惑仔3之隻手遮天,4.0
616,2012-03-05,https://movie.douban.com/subject/1473074/,古惑仔2之猛龙过江,4.0
617,2012-03-05,https://movie.douban.com/subject/1433736/,古惑仔之人在江湖,4.0
618,2012-03-05,https://movie.douban.com/subject/1299059/,倚天屠龙记之魔教教主 / 倚天屠龍記之魔教教主,3.0
619,2012-03-05,https://movie.douban.com/subject/1292704/,黄飞鸿之三：狮王争霸 / 黃飛鴻之三獅王爭霸,3.0
620,2012-03-05,https://movie.douban.com/subject/1294561/,太极张三丰 / 太極張三豐,3.0
621,2012-03-05,https://movie.douban.com/subject/1465829/,赤壁(上),2.0
622,2012-03-05,https://movie.douban.com/subject/1293475/,黄飞鸿之二：男儿当自强 / 黃飛鴻之二男兒當自強,3.0
623,2012-03-05,https://movie.douban.com/subject/1305114/,山村老尸,
624,2012-03-05,https://movie.douban.com/subject/1307740/,千机变,2.0
625,2012-03-05,https://movie.douban.com/subject/1296629/,倩女幽魂2：人间道 / 倩女幽魂II 人間道,4.0
626,2012-03-05,https://movie.douban.com/subject/1297909/,A计划 / A計劃,4.0
627,2012-03-05,https://movie.douban.com/subject/1298443/,黄飞鸿 / 黃飛鴻,4.0
628,2012-03-05,https://movie.douban.com/subject/1308811/,千机变Ⅱ花都大战,2.0
629,2012-03-05,https://movie.douban.com/subject/1393479/,韩城攻略,3.0
630,2012-03-05,https://movie.douban.com/subject/1294417/,笑傲江湖2：东方不败 / 笑傲江湖II東方不敗,3.0
631,2012-03-05,https://movie.douban.com/subject/3928370/,越光宝盒,2.0
632,2012-03-05,https://movie.douban.com/subject/2135981/,画皮 / 畫皮,2.0
633,2012-03-05,https://movie.douban.com/subject/1294927/,星愿 / 星願,3.0
634,2012-03-05,https://movie.douban.com/subject/1307762/,赤裸特工,3.0
635,2012-03-05,https://movie.douban.com/subject/1308927/,笑林小子2：新乌龙院 / 笑林小子2：新烏龍院,4.0
636,2012-03-05,https://movie.douban.com/subject/1408312/,旋风小子,4.0
637,2012-03-05,https://movie.douban.com/subject/1303394/,青蛇,4.0
638,2012-03-04,https://movie.douban.com/subject/2028677/,雨果 / Hugo,3.0
639,2012-03-04,https://movie.douban.com/subject/3880545/,伴娘 / Bridesmaids,5.0
640,2012-03-03,https://movie.douban.com/subject/1292270/,梦之安魂曲 / Requiem for a Dream,2.0
641,2012-03-02,https://movie.douban.com/subject/2028666/,换子疑云 / Changeling,5.0
642,2012-03-01,https://movie.douban.com/subject/1309069/,蝙蝠侠：侠影之谜 / Batman Begins,5.0
643,2012-02-29,https://movie.douban.com/subject/3103678/,千谎百计 第一季 / Lie to Me Season 1,4.0
644,2012-02-29,https://movie.douban.com/subject/6097775/,艺术家 / The Artist,3.0
645,2012-02-27,https://movie.douban.com/subject/1292287/,新龙门客栈 / 新龍門客棧,5.0
646,2012-02-26,https://movie.douban.com/subject/2028669/,丁丁历险记 / The Adventures of Tintin: The Secret of the Unicorn,4.0
647,2012-02-26,https://movie.douban.com/subject/3275168/,单身男子 / A Single Man,3.0
648,2012-02-26,https://movie.douban.com/subject/6522269/,神探夏洛克  第二季 / Sherlock Season 2,5.0
649,2012-02-26,https://movie.douban.com/subject/1930735/,詹天佑,
650,2012-02-26,https://movie.douban.com/subject/4111340/,道格的特别任务 / Dug's Special Mission,4.0
651,2012-02-26,https://movie.douban.com/subject/1470600/,鸟！鸟！鸟！ / For the Birds,4.0
652,2012-02-25,https://movie.douban.com/subject/2977766/,你的老鼠朋友 / Your Friend the Rat,4.0
653,2012-02-25,https://movie.douban.com/subject/2129039/,飞屋环游记 / Up,4.0
654,2012-02-25,https://movie.douban.com/subject/1663415/,上车走吧,
655,2012-02-25,https://movie.douban.com/subject/4319218/,午夜巴黎 / Midnight in Paris,3.0
656,2012-02-25,https://movie.douban.com/subject/3338851/,锅匠，裁缝，士兵，间谍 / Tinker Tailor Soldier Spy,4.0
657,2012-02-24,https://movie.douban.com/subject/4935011/,白兔糖 / うさぎドロップ,2.0
658,2012-02-24,https://movie.douban.com/subject/1316505/,九歌 / 9 Songs,
659,2012-02-24,https://movie.douban.com/subject/1301042/,困惑的浪漫 / Nekromantik,
660,2012-02-24,https://movie.douban.com/subject/1299265/,Day of the Woman,
661,2012-02-24,https://movie.douban.com/subject/1292790/,感官世界 / 愛のコリーダ,
662,2012-02-24,https://movie.douban.com/subject/1461226/,豚鼠系列之5：下水道的美人鱼 / ザ・ギニーピッグ マンホールの中の人魚,1.0
663,2012-02-24,https://movie.douban.com/subject/2149806/,入殓师 / おくりびと,5.0
664,2012-02-22,https://movie.douban.com/subject/2213597/,朗读者 / The Reader,5.0
665,2012-02-22,https://movie.douban.com/subject/6786002/,触不可及 / Intouchables,2.0
666,2012-02-22,https://movie.douban.com/subject/1866475/,无敌浩克 / The Incredible Hulk,3.0
667,2012-02-22,https://movie.douban.com/subject/1418191/,超人归来 / Superman Returns,3.0
668,2012-02-22,https://movie.douban.com/subject/1307354/,绿巨人浩克 / Hulk,3.0
669,2012-02-22,https://movie.douban.com/subject/1308769/,异形大战铁血战士 / AVP: Alien vs. Predator,2.0
670,2012-02-22,https://movie.douban.com/subject/1792928/,金刚狼 / X-Men Origins: Wolverine,3.0
671,2012-02-22,https://movie.douban.com/subject/1584750/,神奇四侠2 / Fantastic 4: Rise of the Silver Surfer,3.0
672,2012-02-22,https://movie.douban.com/subject/1309103/,神奇四侠 / Fantastic Four,3.0
673,2012-02-22,https://movie.douban.com/subject/1793909/,预见未来 / Next,3.0
674,2012-02-22,https://movie.douban.com/subject/1295292/,哥斯拉 / Godzilla,3.0
675,2012-02-22,https://movie.douban.com/subject/1304643/,侏罗纪公园3 / Jurassic Park III,3.0
676,2012-02-22,https://movie.douban.com/subject/1293702/,侏罗纪公园2：失落的世界 / The Lost World: Jurassic Park,3.0
677,2012-02-22,https://movie.douban.com/subject/1305666/,时时刻刻 / The Hours,4.0
678,2012-02-22,https://movie.douban.com/subject/5298995/,钢之炼金术师：叹息之丘的圣星 / 鋼の錬金術師 嘆きの丘の聖なる星,3.0
679,2012-02-21,https://movie.douban.com/subject/1307748/,神秘河 / Mystic River,4.0
680,2012-02-19,https://movie.douban.com/subject/4709671/,胡佛 / J. Edgar,4.0
681,2012-02-16,https://movie.douban.com/subject/1851906/,辛普森一家 / The Simpsons Movie,5.0
682,2012-02-13,https://movie.douban.com/subject/3023164/,点球成金 / Moneyball,3.0
683,2012-02-12,https://movie.douban.com/subject/5155038/,猎头游戏 / Hodejegerne,3.0
684,2012-02-11,https://movie.douban.com/subject/3077791/,在云端 / Up in the Air,4.0
685,2012-02-09,https://movie.douban.com/subject/1305530/,收件人不详 / 수취인불명,4.0
686,2012-02-05,https://movie.douban.com/subject/1418752/,万能钥匙 / The Skeleton Key,3.0
687,2012-02-03,https://movie.douban.com/subject/1304490/,大毒枭 / Blow,4.0
688,2012-01-30,https://movie.douban.com/subject/5985888/,少年菀得 / 완득이,3.0
689,2012-01-29,https://movie.douban.com/subject/3217169/,勇士 / Warrior,5.0
690,2012-01-29,https://movie.douban.com/subject/2010972/,亡命驾驶 / Drive,3.0
691,2012-01-25,https://movie.douban.com/subject/4913200/,大魔术师 / 大魔術師,4.0
692,2012-01-24,https://movie.douban.com/subject/1484091/,水果硬糖 / Hard Candy,3.0
693,2012-01-20,https://movie.douban.com/subject/4767216/,憨豆特工2 / Johnny English Reborn,3.0
694,2012-01-18,https://movie.douban.com/subject/3011308/,孤儿怨 / Orphan,4.0
695,2012-01-17,https://movie.douban.com/subject/1460932/,死神 / ブリーチ,4.0
696,2012-01-17,https://movie.douban.com/subject/1916936/,死亡笔记 / デスノート,5.0
697,2012-01-17,https://movie.douban.com/subject/1796939/,死亡笔记：最后的名字 / デスノート the Last name,2.0
698,2012-01-17,https://movie.douban.com/subject/1768351/,死亡笔记 / デスノート,2.0
699,2012-01-15,https://movie.douban.com/subject/1858876/,小孩不笨2,4.0
700,2012-01-15,https://movie.douban.com/subject/1304034/,小孩不笨 / I Not Stupid,4.0
701,2012-01-15,https://movie.douban.com/subject/1308779/,后天 / The Day After Tomorrow,3.0
702,2012-01-15,https://movie.douban.com/subject/3005875/,2012,3.0
703,2012-01-14,https://movie.douban.com/subject/1849959/,怒火攻心 / Crank,3.0
704,2012-01-12,https://movie.douban.com/subject/2161696/,他其实没那么喜欢你 / He's Just Not That Into You,4.0
705,2012-01-11,https://movie.douban.com/subject/5912992/,熔炉 / 도가니,4.0
706,2012-01-09,https://movie.douban.com/subject/1972729/,铁甲钢拳 / Real Steel,2.0
707,2012-01-05,https://movie.douban.com/subject/3649049/,金陵十三钗,3.0
708,2012-01-04,https://movie.douban.com/subject/1308858/,麦兜，菠萝油王子 / 麥兜，菠蘿油王子,4.0
709,2012-01-04,https://movie.douban.com/subject/1302476/,麦兜故事 / 麥兜故事,4.0
710,2012-01-04,https://movie.douban.com/subject/4873490/,失恋33天,4.0
711,2012-01-04,https://movie.douban.com/subject/1292434/,一一,4.0
712,2012-01-02,https://movie.douban.com/subject/3006772/,第九区 / District 9,4.0
713,2011-12-31,https://movie.douban.com/subject/1308807/,哈尔的移动城堡 / ハウルの動く城,5.0
714,2011-12-29,https://movie.douban.com/subject/1298898/,暗战 / 暗戰,3.0
715,2011-12-29,https://movie.douban.com/subject/2567646/,福音战士新剧场版：破 / ヱヴァンゲリヲン新劇場版：破,5.0
716,2011-12-28,https://movie.douban.com/subject/1968790/,福音战士新剧场版：序 / ヱヴァンゲリヲン新劇場版：序,5.0
717,2011-12-28,https://movie.douban.com/subject/1760622/,香水 / Perfume: The Story of a Murderer,4.0
718,2011-12-28,https://movie.douban.com/subject/4896304/,龙门飞甲,3.0
719,2011-12-28,https://movie.douban.com/subject/1578507/,谍影重重3 / The Bourne Ultimatum,5.0
720,2011-12-28,https://movie.douban.com/subject/1457573/,新世纪福音战士 / 新世紀エヴァンゲリオン,5.0
721,2011-12-28,https://movie.douban.com/subject/1292347/,黑客帝国动画版 / The Animatrix,4.0
722,2011-12-27,https://movie.douban.com/subject/1304102/,谍影重重 / The Bourne Identity,3.0
723,2011-12-27,https://movie.douban.com/subject/1308767/,谍影重重2 / The Bourne Supremacy,3.0
724,2011-12-27,https://movie.douban.com/subject/1292063/,美丽人生 / La vita è bella,5.0
725,2011-12-26,https://movie.douban.com/subject/1292062/,美国丽人 / American Beauty,3.0
726,2011-12-26,https://movie.douban.com/subject/1460341/,佛兰德斯的狗 / フランダースの犬,3.0
727,2011-12-25,https://movie.douban.com/subject/1773217/,鬼影 / ชัตเตอร์ กดติดวิญญาณ,
728,2011-12-22,https://movie.douban.com/subject/2253613/,越狱  第三季 / Prison Break Season 3,4.0
729,2011-12-22,https://movie.douban.com/subject/1419297/,越狱 第一季 / Prison Break Season 1,3.0
730,2011-12-22,https://movie.douban.com/subject/1393859/,老友记 第一季 / Friends Season 1,5.0
731,2011-12-22,https://movie.douban.com/subject/6714078/,吸血鬼日记 第三季 / The Vampire Diaries Season 3,3.0
732,2011-12-22,https://movie.douban.com/subject/4905040/,吸血鬼日记  第二季 / The Vampire Diaries Season 2,3.0
733,2011-12-22,https://movie.douban.com/subject/3646523/,吸血鬼日记 第一季 / The Vampire Diaries Season 1,3.0
734,2011-12-21,https://movie.douban.com/subject/3986493/,神探夏洛克 第一季 / Sherlock Season 1,4.0
735,2011-12-21,https://movie.douban.com/subject/3068206/,碟中谍4 / Mission: Impossible - Ghost Protocol,4.0
736,2011-12-16,https://movie.douban.com/subject/2997052/,吾栖之肤 / La piel que habito,4.0
737,2011-12-15,https://movie.douban.com/subject/2376071/,情色自拍 / Zack and Miri Make a Porno,3.0
738,2011-12-13,https://movie.douban.com/subject/3337866/,死神 剧场版3 黑色褪去 呼唤君之名 / 劇場版BLEACH ブリーチ Fade to Black 君の名を呼ぶ,4.0
739,2011-12-13,https://movie.douban.com/subject/1298759/,狗镇 / Dogville,4.0
740,2011-12-13,https://movie.douban.com/subject/3274505/,猩球崛起 / Rise of the Planet of the Apes,3.0
741,2011-12-12,https://movie.douban.com/subject/1298624/,闻香识女人 / Scent of a Woman,5.0
742,2011-12-12,https://movie.douban.com/subject/4920528/,那些年，我们一起追的女孩 / 那些年，我們一起追的女孩,4.0
743,2011-12-09,https://movie.douban.com/subject/6007281/,名侦探柯南：沉默的十五分钟 / 名探偵コナン 沈黙の15分,3.0
744,2011-12-06,https://movie.douban.com/subject/1783772/,"巴黎，我爱你 / Paris, je t'aime",3.0
745,2011-12-04,https://movie.douban.com/subject/1297544/,国家公敌 / Enemy of the State,4.0
746,2011-11-24,https://movie.douban.com/subject/3233761/,宿醉 / The Hangover,4.0
747,2011-11-24,https://movie.douban.com/subject/1293731/,忠奸人 / Donnie Brasco,3.0
748,2011-11-23,https://movie.douban.com/subject/1306664/,共同警备区 / 공동경비구역 JSA,4.0
749,2011-11-23,https://movie.douban.com/subject/1945330/,迷雾 / The Mist,4.0
750,2011-11-23,https://movie.douban.com/subject/1308762/,借刀杀人 / Collateral,3.0
751,2011-11-21,https://movie.douban.com/subject/1867345/,遗愿清单 / The Bucket List,4.0
752,2011-11-19,https://movie.douban.com/subject/3602084/,波普先生的企鹅 / Mr. Popper's Penguins,3.0
753,2011-11-19,https://movie.douban.com/subject/1291824/,黑鹰坠落 / Black Hawk Down,5.0
754,2011-11-19,https://movie.douban.com/subject/3990470/,生活大爆炸  第三季 / The Big Bang Theory Season 3,4.0
755,2011-11-19,https://movie.douban.com/subject/3190880/,生活大爆炸  第二季 / The Big Bang Theory Season 2,4.0
756,2011-11-19,https://movie.douban.com/subject/2156528/,生活大爆炸  第一季 / The Big Bang Theory Season 1,4.0
757,2011-11-19,https://movie.douban.com/subject/2361823/,我爱你莫里斯 / I Love You Phillip Morris,5.0
758,2011-11-17,https://movie.douban.com/subject/3169043/,我的名字叫可汗 / My Name Is Khan,3.0
759,2011-11-17,https://movie.douban.com/subject/1291585/,风之谷 / 風の谷のナウシカ,3.0
760,2011-11-17,https://movie.douban.com/subject/1418019/,大闹天宫,
761,2011-11-14,https://movie.douban.com/subject/1306662/,死亡幻觉 / Donnie Darko,4.0
762,2011-11-01,https://movie.douban.com/subject/1293596/,离开拉斯维加斯 / Leaving Las Vegas,4.0
763,2011-10-26,https://movie.douban.com/subject/1292067/,冰血暴 / Fargo,
764,2011-10-24,https://movie.douban.com/subject/3822842/,白夜行 / 백야행 : 하얀 어둠 속을 걷다,3.0
765,2011-10-23,https://movie.douban.com/subject/1302271/,的士速递2 / Taxi 2,
766,2011-10-23,https://movie.douban.com/subject/1294262/,的士速递 / Taxi,4.0
767,2011-10-23,https://movie.douban.com/subject/1300300/,死神来了 / Final Destination,2.0
768,2011-10-23,https://movie.douban.com/subject/1866471/,雷神 / Thor,4.0
769,2011-10-23,https://movie.douban.com/subject/1297763/,方世玉,
770,2011-10-23,https://movie.douban.com/subject/3230462/,女人不坏,3.0
771,2011-10-23,https://movie.douban.com/subject/6114876/,3D肉蒲团之极乐宝鉴 / 3D肉蒲團之極樂寶鑑,
772,2011-10-23,https://movie.douban.com/subject/1304854/,律政俏佳人 / Legally Blonde,4.0
773,2011-10-23,https://movie.douban.com/subject/3344570/,爱情呼叫转移Ⅱ：爱情左右,3.0
774,2011-10-23,https://movie.douban.com/subject/1301167/,102真狗 / 102 Dalmatians,4.0
775,2011-10-23,https://movie.douban.com/subject/1293135/,101真狗 / 101 Dalmatians,4.0
776,2011-10-23,https://movie.douban.com/subject/1949312/,全民超人汉考克 / Hancock,3.0
777,2011-10-23,https://movie.douban.com/subject/1309172/,初恋50次 / 50 First Dates,3.0
778,2011-10-23,https://movie.douban.com/subject/1307819/,梦精记 / 몽정기,
779,2011-10-23,https://movie.douban.com/subject/1293607/,算死草,4.0
780,2011-10-23,https://movie.douban.com/subject/1299765/,回魂夜,2.0
781,2011-10-23,https://movie.douban.com/subject/1295253/,美国派 / American Pie,3.0
782,2011-10-23,https://movie.douban.com/subject/3008892/,色即是空2 / 색즉시공 시즌2,5.0
783,2011-10-23,https://movie.douban.com/subject/1307389/,憨豆特工 / Johnny English,4.0
784,2011-10-23,https://movie.douban.com/subject/1927686/,爱情呼叫转移,3.0
785,2011-10-23,https://movie.douban.com/subject/1394968/,举起手来！,4.0
786,2011-10-23,https://movie.douban.com/subject/1302425/,喜剧之王 / 喜劇之王,4.0
787,2011-10-23,https://movie.douban.com/subject/4323732/,大笑江湖,1.0
788,2011-10-23,https://movie.douban.com/subject/1305279/,色即是空 / 색즉시공,4.0
789,2011-10-23,https://movie.douban.com/subject/1293088/,小鬼当家 / Home Alone,4.0
790,2011-10-23,https://movie.douban.com/subject/4822848/,武林外传,2.0
791,2011-10-23,https://movie.douban.com/subject/1292659/,变脸 / Face/Off,5.0
792,2011-10-23,https://movie.douban.com/subject/1300618/,空中监狱 / Con Air,5.0
793,2011-10-23,https://movie.douban.com/subject/4164444/,127小时 / 127 Hours,2.0
794,2011-10-22,https://movie.douban.com/subject/2027938/,神探,4.0
795,2011-10-21,https://movie.douban.com/subject/4226741/,李献计历险记,4.0
796,2011-10-20,https://movie.douban.com/subject/6759556/,红领巾,3.0
797,2011-10-20,https://movie.douban.com/subject/3804891/,无人区,5.0
798,2011-10-20,https://movie.douban.com/subject/1300377/,群尸玩过界 / Braindead,2.0
799,2011-10-20,https://movie.douban.com/subject/1308476/,人咬狗 / C'est arrivé près de chez vous,3.0
800,2011-10-20,https://movie.douban.com/subject/1295038/,哈利·波特与魔法石 / Harry Potter and the Sorcerer's Stone,
801,2011-10-20,https://movie.douban.com/subject/1308575/,蓝色大门 / 藍色大門,4.0
802,2011-10-20,https://movie.douban.com/subject/1293145/,费城故事 / Philadelphia,3.0
803,2011-10-20,https://movie.douban.com/subject/1291844/,终结者2：审判日 / Terminator 2: Judgment Day,3.0
804,2011-10-20,https://movie.douban.com/subject/1419936/,战争之王 / Lord of War,4.0
805,2011-10-20,https://movie.douban.com/subject/2350904/,电锯惊魂5 / Saw V,3.0
806,2011-10-20,https://movie.douban.com/subject/3878157/,电锯惊魂7 / Saw 3D: The Final Chapter,3.0
807,2011-10-20,https://movie.douban.com/subject/1922273/,电锯惊魂4 / Saw IV,3.0
808,2011-10-20,https://movie.douban.com/subject/1474189/,电锯惊魂3 / Saw III,3.0
809,2011-10-20,https://movie.douban.com/subject/1309045/,电锯惊魂2 / Saw II,4.0
810,2011-10-20,https://movie.douban.com/subject/1417598/,电锯惊魂 / Saw,5.0
811,2011-10-20,https://movie.douban.com/subject/1307315/,哪吒闹海,4.0
812,2011-10-20,https://movie.douban.com/subject/3792799/,岁月神偷 / 歲月神偷,4.0
813,2011-10-20,https://movie.douban.com/subject/1849031/,当幸福来敲门 / The Pursuit of Happyness,5.0
814,2011-10-20,https://movie.douban.com/subject/3793023/,三傻大闹宝莱坞 / 3 Idiots,2.0
815,2011-10-20,https://movie.douban.com/subject/5958582/,裸婚时代,4.0
816,2011-10-19,https://movie.douban.com/subject/1293124/,惊情四百年 / Dracula,4.0
817,2011-10-19,https://movie.douban.com/subject/1309116/,怒火救援 / Man on Fire,4.0
818,2011-10-18,https://movie.douban.com/subject/1293396/,野战排 / Platoon,3.0
819,2011-10-14,https://movie.douban.com/subject/1293323/,大红灯笼高高挂,4.0
820,2011-10-09,https://movie.douban.com/subject/1308589/,欲盖弥彰 / Shattered Glass,3.0
821,2011-10-06,https://movie.douban.com/subject/3007826/,摔角王 / The Wrestler,4.0
822,2011-10-06,https://movie.douban.com/subject/3986713/,阿尔法9号上的可怕生物！ / The Terrible Thing of Alpha-9!,4.0
823,2011-10-06,https://movie.douban.com/subject/2147854/,好好先生 / Yes Man,5.0
824,2011-10-05,https://movie.douban.com/subject/1292262/,美国往事 / Once Upon a Time in America,4.0
825,2011-10-04,https://movie.douban.com/subject/3550132/,非常主播 / 과속스캔들,4.0
826,2011-09-29,https://movie.douban.com/subject/1291572/,指环王2：双塔奇兵 / The Lord of the Rings: The Two Towers,5.0
827,2011-09-29,https://movie.douban.com/subject/1291552/,指环王3：王者无敌 / The Lord of the Rings: The Return of the King,4.0
828,2011-09-29,https://movie.douban.com/subject/1291571/,指环王1：魔戒再现 / The Lord of the Rings: The Fellowship of the Ring,4.0
829,2011-09-29,https://movie.douban.com/subject/1296909/,虎口脱险 / La grande vadrouille,4.0
830,2011-09-28,https://movie.douban.com/subject/1292365/,活着,5.0
831,2011-09-25,https://movie.douban.com/subject/4917726/,阳光姐妹淘 / 써니,5.0
832,2011-09-24,https://movie.douban.com/subject/4838179/,加油站袭击事件2 / 주유소 습격사건 2,3.0
833,2011-09-23,https://movie.douban.com/subject/5422105/,窃听风云2,3.0
834,2011-09-23,https://movie.douban.com/subject/3731581/,里约大冒险 / Rio,4.0
835,2011-09-23,https://movie.douban.com/subject/4286017/,速度与激情5 / Fast Five,3.0
836,2011-09-23,https://movie.douban.com/subject/1292484/,碟中谍 / Mission: Impossible,5.0
837,2011-09-23,https://movie.douban.com/subject/1401533/,碟中谍3 / Mission: Impossible III,5.0
838,2011-09-23,https://movie.douban.com/subject/1298525/,碟中谍2 / Mission: Impossible II,4.0
839,2011-09-23,https://movie.douban.com/subject/1418190/,007：大战皇家赌场 / Casino Royale,3.0
840,2011-09-23,https://movie.douban.com/subject/1946882/,007：大破量子危机 / Quantum of Solace,2.0
841,2011-09-23,https://movie.douban.com/subject/2999913/,保罗 / Paul,3.0
842,2011-09-23,https://movie.douban.com/subject/1292267/,银河系漫游指南 / The Hitchhiker's Guide to the Galaxy,3.0
843,2011-09-23,https://movie.douban.com/subject/3569943/,命运规划局 / The Adjustment Bureau,3.0
844,2011-09-21,https://movie.douban.com/subject/1299967/,剃刀边缘 / Dressed to Kill,3.0
845,2011-09-21,https://movie.douban.com/subject/1297447/,倩女幽魂,4.0
846,2011-09-17,https://movie.douban.com/subject/1741703/,夺命手术 / Awake,2.0
847,2011-09-17,https://movie.douban.com/subject/1308804/,我脑中的橡皮擦 / 내 머리 속의 지우개,2.0
848,2011-09-17,https://movie.douban.com/subject/1294990/,勇敢者的游戏 / Jumanji,5.0
849,2011-09-16,https://movie.douban.com/subject/1308865/,老男孩 / 올드보이,5.0
850,2011-09-14,https://movie.douban.com/subject/1291843/,黑客帝国 / The Matrix,2.0
851,2011-09-04,https://movie.douban.com/subject/1872272/,美国田园下的罪恶 / An American Crime,4.0
852,2011-09-04,https://movie.douban.com/subject/1307535/,奔腾年代 / Seabiscuit,4.0
853,2011-09-04,https://movie.douban.com/subject/3168089/,X战警：第一战 / X-Men: First Class,3.0
854,2011-08-25,https://movie.douban.com/subject/1296384/,心理游戏 / The Game,3.0
855,2011-08-19,https://movie.douban.com/subject/4237879/,人在囧途,3.0
856,2011-07-31,https://movie.douban.com/subject/4876722/,钢的琴,4.0
857,2011-07-25,https://movie.douban.com/subject/3610047/,变形金刚3 / Transformers: Dark of the Moon,3.0
858,2011-07-09,https://movie.douban.com/subject/4812830/,魁拔之十万火急,4.0
859,2011-06-27,https://movie.douban.com/subject/4135434/,雪花秘扇 / Snow Flower and the Secret Fan,1.0
860,2011-06-18,https://movie.douban.com/subject/4073898/,建党伟业,1.0
861,2011-06-04,https://movie.douban.com/subject/4826419/,金福南杀人事件始末 / 김복남 살인사건의 전말,4.0
862,2011-06-02,https://movie.douban.com/subject/3227410/,加勒比海盗4：惊涛怪浪 / Pirates of the Caribbean: On Stranger Tides,5.0
863,2011-05-31,https://movie.douban.com/subject/5374383/,我的黑色小礼服 / 마이 블랙 미니드레스,3.0
864,2011-05-31,https://movie.douban.com/subject/3008672/,美错 / Biutiful,4.0
865,2011-05-30,https://movie.douban.com/subject/3233635/,功夫熊猫2 / Kung Fu Panda 2,3.0
866,2011-05-27,https://movie.douban.com/subject/4724739/,单身男女 / 單身男女,4.0
867,2011-05-19,https://movie.douban.com/subject/3057368/,抢救切尔诺贝利 / The Battle of Chernobyl,
868,2011-05-19,https://movie.douban.com/subject/6019180/,开心家族 / 헬로우 고스트,4.0
869,2011-05-19,https://movie.douban.com/subject/1857099/,老无所依 / No Country for Old Men,3.0
870,2011-05-19,https://movie.douban.com/subject/3412882/,窃听风云 / 竊聽風雲,4.0
871,2011-05-19,https://movie.douban.com/subject/1296736/,钢琴家 / The Pianist,4.0
872,2011-05-19,https://movie.douban.com/subject/4914616/,苍蝇一分钟的生命 / One Minute Fly,4.0
873,2011-03-08,https://movie.douban.com/subject/4066125/,谜一样的双眼 / El secreto de sus ojos,3.0
874,2011-03-04,https://movie.douban.com/subject/2043546/,秒速5厘米 / 秒速5センチメートル,4.0
875,2011-03-01,https://movie.douban.com/subject/1304972/,太极旗飘扬 / 태극기 휘날리며,5.0
876,2011-02-27,https://movie.douban.com/subject/3006309/,追击者 / 추격자,5.0
877,2011-02-27,https://movie.douban.com/subject/1292679/,春光乍泄 / 春光乍洩,5.0
878,2011-02-26,https://movie.douban.com/subject/2303163/,超级大坏蛋 / Megamind,2.0
879,2011-02-25,https://movie.douban.com/subject/3078609/,爱情与灵药 / Love & Other Drugs,3.0
880,2011-02-22,https://movie.douban.com/subject/3743114/,黄海 / 황해,3.0
881,2011-02-16,https://movie.douban.com/subject/1292396/,香港制造,
882,2011-02-13,https://movie.douban.com/subject/1300299/,杀人回忆 / 살인의 추억,5.0
883,2011-02-12,https://movie.douban.com/subject/3036460/,母亲 / 마더,3.0
884,2011-02-12,https://movie.douban.com/subject/1858711/,玩具总动员3 / Toy Story 3,3.0
885,2011-02-12,https://movie.douban.com/subject/1291835/,迷失东京 / Lost in Translation,2.0
886,2011-02-11,https://movie.douban.com/subject/1292279/,成为约翰·马尔科维奇 / Being John Malkovich,2.0
887,2011-02-11,https://movie.douban.com/subject/1418519/,铁拳男人 / Cinderella Man,5.0
888,2011-02-11,https://movie.douban.com/subject/4271832/,完美嫁衣 / 抱抱俏佳人,2.0
889,2011-01-28,https://movie.douban.com/subject/4023638/,国王的演讲 / The King's Speech,3.0
890,2011-01-25,https://movie.douban.com/subject/1972698/,守望者 / Watchmen,2.0
891,2011-01-24,https://movie.douban.com/subject/4268598/,告白,4.0
892,2011-01-19,https://movie.douban.com/subject/1978709/,黑天鹅 / Black Swan,3.0
893,2011-01-11,https://movie.douban.com/subject/1295686/,盗火线 / Heat,2.0
894,2011-01-09,https://movie.douban.com/subject/1292268/,好家伙 / Goodfellas,3.0
895,2011-01-08,https://movie.douban.com/subject/1305487/,猫鼠游戏 / Catch Me If You Can,5.0
896,2011-01-07,https://movie.douban.com/subject/1315316/,无间道风云 / The Departed,1.0
897,2011-01-07,https://movie.douban.com/subject/1293050/,永不妥协 / Erin Brockovich,5.0
898,2011-01-06,https://movie.douban.com/subject/1763205/,飞天大盗 第一季 / Hustle Season 1,3.0
899,2011-01-06,https://movie.douban.com/subject/3872249/,勺子杀人狂 / The Horribly Slow Murderer with the Extremely Inefficient Weapon,3.0
900,2011-01-06,https://movie.douban.com/subject/1428175/,血钻 / Blood Diamond,4.0
901,2011-01-06,https://movie.douban.com/subject/1469049/,处刑人 / The Boondock Saints,3.0
902,2011-01-05,https://movie.douban.com/subject/4249355/,孤胆特工 / 아저씨,4.0
903,2011-01-03,https://movie.douban.com/subject/4111333/,手机,3.0
904,2011-01-03,https://movie.douban.com/subject/1945549/,超市夜未眠 / Cashback,4.0
905,2011-01-01,https://movie.douban.com/subject/4271894/,非诚勿扰2,3.0
906,2011-01-01,https://movie.douban.com/subject/3319755/,怦然心动 / Flipped,4.0
907,2010-12-31,https://movie.douban.com/subject/1291583/,天空之城 / 天空の城ラピュタ,4.0
908,2010-12-30,https://movie.douban.com/subject/1297359/,幽灵公主 / もののけ姫,5.0
909,2010-12-29,https://movie.douban.com/subject/1293867/,和平饭店,5.0
910,2010-12-27,https://movie.douban.com/subject/1296217/,一级恐惧 / Primal Fear,4.0
911,2010-12-27,https://movie.douban.com/subject/3742360/,让子弹飞,3.0
912,2010-12-19,https://movie.douban.com/subject/3120852/,影子写手 / The Ghost Writer,2.0
913,2010-12-14,https://movie.douban.com/subject/1300117/,千钧一发 / Gattaca,4.0
914,2010-12-12,https://movie.douban.com/subject/1307542/,火柴人 / Matchstick Men,3.0
915,2010-12-10,https://movie.douban.com/subject/1291858/,鬼子来了,4.0
916,2010-12-10,https://movie.douban.com/subject/1291875/,阳光灿烂的日子,5.0
917,2010-12-08,https://movie.douban.com/subject/1905462/,荒野生存 / Into the Wild,2.0
918,2010-12-08,https://movie.douban.com/subject/1308817/,两小无猜 / Jeux d'enfants,4.0
919,2010-12-08,https://movie.douban.com/subject/3287562/,神偷奶爸 / Despicable Me,3.0
920,2010-12-08,https://movie.douban.com/subject/1299782/,非常突然,2.0
921,2010-12-08,https://movie.douban.com/subject/3596502/,唐山大地震,4.0
922,2010-12-07,https://movie.douban.com/subject/4739952/,初恋这件小事 / สิ่งเล็กเล็กที่เรียกว่า...รัก,4.0
923,2010-12-06,https://movie.douban.com/subject/3011051/,恐怖游轮 / Triangle,5.0
924,2010-12-02,https://movie.douban.com/subject/1295324/,真实罗曼史 / True Romance,5.0
925,2010-12-02,https://movie.douban.com/subject/1295045/,天才瑞普利 / The Talented Mr. Ripley,4.0
926,2010-12-02,https://movie.douban.com/subject/3103418/,囚室211 / Celda 211,4.0
927,2010-12-01,https://movie.douban.com/subject/2255841/,死亡录像 / [Rec],4.0
928,2010-12-01,https://movie.douban.com/subject/1305306/,心慌方2：超立方体 / Cube 2: Hypercube,3.0
929,2010-12-01,https://movie.douban.com/subject/1305903/,心慌方 / Cube,4.0
930,2010-11-30,https://movie.douban.com/subject/1787291/,被嫌弃的松子的一生 / 嫌われ松子の一生,5.0
931,2010-11-29,https://movie.douban.com/subject/1292264/,"逃狱三王 / O Brother, Where Art Thou?",3.0
932,2010-11-28,https://movie.douban.com/subject/3011091/,忠犬八公的故事 / Hachi: A Dog's Tale,3.0
933,2010-11-28,https://movie.douban.com/subject/1994876/,马达加斯加2：逃往非洲 / Madagascar: Escape 2 Africa,3.0
934,2010-11-28,https://movie.douban.com/subject/1309201/,马达加斯加 / Madagascar,3.0
935,2010-11-19,https://movie.douban.com/subject/1292523/,侏罗纪公园 / Jurassic Park,3.0
936,2010-11-19,https://movie.douban.com/subject/1794171/,变形金刚 / Transformers,3.0
937,2010-11-18,https://movie.douban.com/subject/1292229/,天生杀人狂 / Natural Born Killers,3.0
938,2010-11-18,https://movie.douban.com/subject/3908423/,夏日大作战 / サマーウォーズ,4.0
939,2010-11-17,https://movie.douban.com/subject/3642866/,维多利亚一号 / 維多利亞壹號,4.0
940,2010-11-16,https://movie.douban.com/subject/3205624/,社交网络 / The Social Network,4.0
941,2010-11-13,https://movie.douban.com/subject/4901335/,暮色大电影 / Vampires Suck,2.0
942,2010-11-03,https://movie.douban.com/subject/1291560/,龙猫 / となりのトトロ,5.0
943,2010-11-03,https://movie.douban.com/subject/1291561/,千与千寻 / 千と千尋の神隠し,5.0
944,2010-11-01,https://movie.douban.com/subject/5344178/,11度青春之《老男孩》,5.0
945,2010-11-01,https://movie.douban.com/subject/1300392/,德州电锯杀人狂 / The Texas Chain Saw Massacre,2.0
946,2010-11-01,https://movie.douban.com/subject/1309016/,百万美元宝贝 / Million Dollar Baby,5.0
947,2010-10-31,https://movie.douban.com/subject/2342530/,猫的梦想 / Riba,4.0
948,2010-10-31,https://movie.douban.com/subject/2378635/,南茜的早晨,4.0
949,2010-10-31,https://movie.douban.com/subject/5313367/,红领巾侠 / The Red,2.0
950,2010-10-30,https://movie.douban.com/subject/1292050/,洛基恐怖秀 / The Rocky Horror Picture Show,2.0
951,2010-10-29,https://movie.douban.com/subject/4305436/,志明与春娇 / 志明與春嬌,5.0
952,2010-10-27,https://movie.douban.com/subject/1437109/,黑暗侵袭 / The Descent,4.0
953,2010-10-24,https://movie.douban.com/subject/3405642/,宅 / Killing Time at Home,4.0
954,2010-10-24,https://movie.douban.com/subject/1470765/,很黄很暴力 / Sex and Violence,4.0
955,2010-10-24,https://movie.douban.com/subject/2131887/,白蛇,3.0
956,2010-10-24,https://movie.douban.com/subject/1408100/,平衡 / Balance,4.0
957,2010-10-24,https://movie.douban.com/subject/1434184/,堕落的艺术 / Sztuka spadania,4.0
958,2010-10-24,https://movie.douban.com/subject/1417042/,食物 / Jídlo,3.0
959,2010-10-24,https://movie.douban.com/subject/4090556/,电玩 / Videogioco,4.0
960,2010-10-18,https://movie.douban.com/subject/1998799/,灌篮高手 / スラムダンク,5.0
961,2010-10-13,https://movie.douban.com/subject/2089388/,方舟 / Arka,
962,2010-10-13,https://movie.douban.com/subject/5153329/,名侦探柯南：天空的遇难船 / 名探偵コナン 天空の難破船,4.0
963,2010-10-11,https://movie.douban.com/subject/3157605/,巴黎淘气帮 / Le petit Nicolas,4.0
964,2010-10-11,https://movie.douban.com/subject/2269893/,食人鱼3D / Piranha,3.0
965,2010-08-30,https://movie.douban.com/subject/2153526/,特工绍特 / Salt,2.0
966,2010-08-19,https://movie.douban.com/subject/3541415/,盗梦空间 / Inception,4.0
967,2010-07-07,https://movie.douban.com/subject/1292271/,毕业生 / The Graduate,4.0
968,2010-07-06,https://movie.douban.com/subject/1303139/,玩命快递 / The Transporter,3.0
969,2010-07-05,https://movie.douban.com/subject/2338160/,无翼鸟 / Kiwi!,5.0
970,2010-07-01,https://movie.douban.com/subject/1937946/,穿越时空的少女 / 時をかける少女,5.0
971,2010-07-01,https://movie.douban.com/subject/4888039/,小胖妞,4.0
972,2010-06-01,https://movie.douban.com/subject/1309046/,V字仇杀队 / V for Vendetta,5.0
973,2010-06-01,https://movie.douban.com/subject/1829654/,憨豆的黄金周 / Mr. Bean's Holiday,3.0
974,2010-05-31,https://movie.douban.com/subject/2003389/,葬礼上的死亡 / Death at a Funeral,5.0
975,2010-05-30,https://movie.douban.com/subject/2044089/,杀手没有假期 / In Bruges,5.0
976,2010-05-19,https://movie.douban.com/subject/2124586/,飓风营救 / Taken,4.0
977,2010-05-18,https://movie.douban.com/subject/1780330/,致命魔术 / The Prestige,4.0
978,2010-05-17,https://movie.douban.com/subject/1301459/,小岛惊魂 / The Others,5.0
979,2010-05-14,https://movie.douban.com/subject/3148748/,海扁王 / Kick-Ass,3.0
980,2010-05-07,https://movie.douban.com/subject/3578981/,叶问2：宗师传奇,4.0
981,2010-05-03,https://movie.douban.com/subject/1295629/,杀手阿一 / 殺し屋1,2.0
982,2010-05-02,https://movie.douban.com/subject/1945336/,通缉令 / Wanted,3.0
983,2010-04-29,https://movie.douban.com/subject/1296697/,人猿星球 / Planet of the Apes,3.0
984,2010-04-20,https://movie.douban.com/subject/2353023/,驯龙高手 / How to Train Your Dragon,5.0
985,2010-04-11,https://movie.douban.com/subject/1300613/,土拨鼠之日 / Groundhog Day,4.0
986,2010-04-09,https://movie.douban.com/subject/1300555/,回到未来 / Back to the Future,4.0
987,2010-04-07,https://movie.douban.com/subject/2300586/,这个男人来自地球 / The Man from Earth,3.0
988,2010-04-06,https://movie.douban.com/subject/2297265/,浪潮 / Die Welle,4.0
989,2010-04-04,https://movie.douban.com/subject/2334904/,禁闭岛 / Shutter Island,5.0
990,2010-03-31,https://movie.douban.com/subject/2301032/,射雕英雄传 / 射鵰英雄傳,5.0
991,2010-02-23,https://movie.douban.com/subject/1293350/,"两杆大烟枪 / Lock, Stock and Two Smoking Barrels",5.0
992,2010-02-20,https://movie.douban.com/subject/2046839/,有关时间旅行的热门问题 / Frequently Asked Questions About Time Travel,3.0
993,2010-02-19,https://movie.douban.com/subject/1292274/,幸福终点站 / The Terminal,4.0
994,2010-02-18,https://movie.douban.com/subject/3737102/,艋舺,4.0
995,2010-02-10,https://movie.douban.com/subject/1292849/,拯救大兵瑞恩 / Saving Private Ryan,3.0
996,2010-02-10,https://movie.douban.com/subject/1292728/,勇闯夺命岛 / The Rock,5.0
997,2010-02-10,https://movie.douban.com/subject/1297574/,英雄本色,3.0
998,2010-02-10,https://movie.douban.com/subject/1294240/,教父3 / The Godfather: Part III,3.0
999,2010-02-10,https://movie.douban.com/subject/3041806/,叶问 / 葉問,3.0
1000,2010-02-10,https://movie.douban.com/subject/1292444/,大逃杀 / バトル・ロワイアル,4.0
1001,2010-02-10,https://movie.douban.com/subject/1298744/,十二猴子 / Twelve Monkeys,4.0
1002,2010-02-10,https://movie.douban.com/subject/2131459/,机器人总动员 / WALL·E,4.0
1003,2010-02-10,https://movie.douban.com/subject/1309027/,罪恶之城 / Sin City,5.0
1004,2010-02-10,https://movie.douban.com/subject/1307694/,无间道3：终极无间 / 無間道III 終極無間,4.0
1005,2010-02-10,https://movie.douban.com/subject/1291580/,杀死比尔 / Kill Bill: Vol. 1,5.0
1006,2010-02-10,https://movie.douban.com/subject/1307106/,无间道2 / 無間道II,5.0
1007,2010-02-10,https://movie.douban.com/subject/1851857/,蝙蝠侠：黑暗骑士 / The Dark Knight,5.0
1008,2010-02-10,https://movie.douban.com/subject/1292401/,真爱至上 / Love Actually,4.0
1009,2010-02-05,https://movie.douban.com/subject/1292402/,西西里的美丽传说 / Malèna,3.0
1010,2010-02-04,https://movie.douban.com/subject/2148295/,奇迹世界,3.0
1011,2010-02-02,https://movie.douban.com/subject/1300741/,枪火 / 鎗火,4.0
1012,2010-02-01,https://movie.douban.com/subject/1292450/,暗花,5.0
1013,2010-01-30,https://movie.douban.com/subject/3824672/,听说 / 聽說,5.0
1014,2010-01-30,https://movie.douban.com/subject/1292326/,暴力街区 / Banlieue 13,5.0
1015,2010-01-23,https://movie.douban.com/subject/1307372/,一个字头的诞生 / 一個字頭的誕生,4.0
1016,2010-01-23,https://movie.douban.com/subject/3075983/,电锯惊魂6 / Saw VI,3.0
1017,2010-01-21,https://movie.douban.com/subject/1294019/,监狱风云2：逃犯 / 監獄風雲II逃犯,3.0
1018,2010-01-21,https://movie.douban.com/subject/1293422/,监狱风云 / 監獄風雲,3.0
1019,2010-01-19,https://movie.douban.com/subject/2028645/,拆弹部队 / The Hurt Locker,3.0
1020,2010-01-19,https://movie.douban.com/subject/3387546/,名侦探柯南：漆黑的追踪者 / 名探偵コナン 漆黒の追跡者,3.0
1021,2010-01-13,https://movie.douban.com/subject/1652587/,阿凡达 / Avatar,4.0
1022,2009-12-26,https://movie.douban.com/subject/3718447/,三枪拍案惊奇,1.0
1023,2009-12-26,https://movie.douban.com/subject/1291584/,杀死比尔2 / Kill Bill: Vol. 2,4.0
1024,2009-12-17,https://movie.douban.com/subject/1401535/,虎胆龙威4 / Live Free or Die Hard,3.0
1025,2009-12-17,https://movie.douban.com/subject/1296436/,有话好好说,4.0
1026,2009-12-17,https://movie.douban.com/subject/1464540/,地雷战,4.0
1027,2009-12-17,https://movie.douban.com/subject/3033864/,地道战,4.0
1028,2009-12-17,https://movie.douban.com/subject/1304022/,大腕,5.0
1029,2009-12-17,https://movie.douban.com/subject/4057312/,打，打个大西瓜,4.0
1030,2009-12-17,https://movie.douban.com/subject/1806555/,热血警探 / Hot Fuzz,4.0
1031,2009-12-17,https://movie.douban.com/subject/1308755/,僵尸肖恩 / Shaun of the Dead,4.0
1032,2009-12-11,https://movie.douban.com/subject/1297630/,第六感 / The Sixth Sense,4.0
1033,2009-12-11,https://movie.douban.com/subject/1292217/,穆赫兰道 / Mulholland Dr.,4.0
1034,2009-12-11,https://movie.douban.com/subject/3072086/,和莎莫的500天 / (500) Days of Summer,
1035,2009-11-23,https://movie.douban.com/subject/1291546/,霸王别姬,5.0
1036,2009-11-04,https://movie.douban.com/subject/1292224/,飞越疯人院 / One Flew Over the Cuckoo's Nest,4.0
1037,2009-11-04,https://movie.douban.com/subject/1292001/,海上钢琴师 / La leggenda del pianista sull'oceano,4.0
1038,2009-11-04,https://movie.douban.com/subject/1292208/,上帝之城 / Cidade de Deus,5.0
1039,2009-11-04,https://movie.douban.com/subject/1438652/,无耻混蛋 / Inglourious Basterds,3.0
1040,2009-11-04,https://movie.douban.com/subject/2330134/,暑期作业 / 暑期作業,3.0
1041,2009-11-04,https://movie.douban.com/subject/1291999/,重庆森林 / 重慶森林,4.0
1042,2009-11-04,https://movie.douban.com/subject/1305179/,大丈夫,5.0
1043,2009-11-04,https://movie.douban.com/subject/2346881/,破事儿 / 破事兒,5.0
1044,2009-11-03,https://movie.douban.com/subject/3586725/,金氏漂流记 / 김씨 표류기,5.0
1045,2009-11-02,https://movie.douban.com/subject/1301171/,偷拐抢骗 / Snatch,
1046,2009-10-31,https://movie.douban.com/subject/1292215/,天使爱美丽 / Le fabuleux destin d'Amélie Poulain,4.0
1047,2009-10-21,https://movie.douban.com/subject/1292233/,发条橙 / A Clockwork Orange,4.0
1048,2009-10-21,https://movie.douban.com/subject/1305690/,阿飞正传 / 阿飛正傳,
1049,2009-10-21,https://movie.douban.com/subject/2124703/,疯狂的赛车,3.0
1050,2009-10-18,https://movie.douban.com/subject/1292214/,非常嫌疑犯 / The Usual Suspects,3.0
1051,2009-10-18,https://movie.douban.com/subject/1304447/,记忆碎片 / Memento,5.0
1052,2009-10-17,https://movie.douban.com/subject/2365260/,爱在暹罗 / รักแห่งสยาม,
1053,2009-10-04,https://movie.douban.com/subject/1293544/,沉默的羔羊 / The Silence of the Lambs,
1054,2009-10-01,https://movie.douban.com/subject/1297192/,致命ID / Identity,
1055,2009-09-26,https://movie.douban.com/subject/1292343/,蝴蝶效应 / The Butterfly Effect,4.0
1056,2009-09-23,https://movie.douban.com/subject/1292000/,搏击俱乐部 / Fight Club,
1057,2009-09-19,https://movie.douban.com/subject/1323749/,青春梦工场 / AV,5.0
1058,2009-09-17,https://movie.douban.com/subject/1300616/,买凶拍人 / 買兇拍人,5.0
1059,2009-09-16,https://movie.douban.com/subject/1299603/,落水狗 / Reservoir Dogs,
1060,2009-09-16,https://movie.douban.com/subject/1292528/,猜火车 / Trainspotting,5.0
1061,2009-09-08,https://movie.douban.com/subject/1307528/,盲井,5.0
1062,2009-06-12,https://movie.douban.com/subject/1291832/,低俗小说 / Pulp Fiction,5.0
1063,2009-05-17,https://movie.douban.com/subject/1305582/,超级学校霸王 / 超級學校霸王,2.0
1064,2009-05-17,https://movie.douban.com/subject/1308129/,赌侠大战拉斯维加斯 / 賭俠大戰拉斯維加斯,3.0
1065,2009-05-17,https://movie.douban.com/subject/1309052/,"纳尼亚传奇1：狮子、女巫和魔衣橱 / The Chronicles of Narnia: The Lion, the Witch and the Wardrobe",2.0
1066,2009-05-17,https://movie.douban.com/subject/1866424/,尼斯湖怪：深水传说 / The Water Horse,3.0
1067,2009-05-17,https://movie.douban.com/subject/1997679/,木乃伊3 / The Mummy: Tomb of the Dragon Emperor,2.0
1068,2009-05-17,https://movie.douban.com/subject/1947091/,三国之见龙卸甲,4.0
1069,2009-05-17,https://movie.douban.com/subject/1302393/,僵尸叔叔 / 殭屍叔叔,3.0
1070,2009-05-17,https://movie.douban.com/subject/1300085/,尸家重地 / 屍家重地,2.0
1071,2009-05-17,https://movie.douban.com/subject/1295933/,僵尸先生 / 殭屍先生,3.0
1072,2009-05-17,https://movie.douban.com/subject/1292506/,赌神2 / 賭神2,5.0
1073,2009-05-17,https://movie.douban.com/subject/1300883/,赌神,5.0
1074,2009-05-17,https://movie.douban.com/subject/1315574/,加勒比海盗2：聚魂棺 / Pirates of the Caribbean: Dead Man's Chest,4.0
1075,2009-05-17,https://movie.douban.com/subject/1298070/,加勒比海盗 / Pirates of the Caribbean: The Curse of the Black Pearl,5.0
1076,2009-05-17,https://movie.douban.com/subject/1418192/,加勒比海盗3：世界的尽头 / Pirates of the Caribbean: At World's End,4.0
1077,2009-05-17,https://movie.douban.com/subject/1316510/,射雕英雄传之东成西就 / 射鵰英雄傳之東成西就,4.0
1078,2009-05-17,https://movie.douban.com/subject/1307323/,天下无双,4.0
1079,2009-05-17,https://movie.douban.com/subject/1306123/,英雄,4.0
1080,2009-05-17,https://movie.douban.com/subject/1307023/,神话,4.0
1081,2009-05-17,https://movie.douban.com/subject/1441602/,霍元甲,4.0
1082,2009-05-17,https://movie.douban.com/subject/1455979/,墨攻,3.0
1083,2009-05-17,https://movie.douban.com/subject/1305902/,谁说我不在乎,3.0
1084,2009-05-17,https://movie.douban.com/subject/1997681/,心急吃不了热豆腐,4.0
1085,2009-05-17,https://movie.douban.com/subject/1296253/,没完没了,3.0
1086,2009-05-17,https://movie.douban.com/subject/1303173/,甲方乙方,4.0
1087,2009-05-17,https://movie.douban.com/subject/1307014/,不见不散,3.0
1088,2009-05-17,https://movie.douban.com/subject/3268216/,桃花运,3.0
1089,2009-05-17,https://movie.douban.com/subject/3420455/,大电影2.0：两个傻瓜的荒唐事,3.0
1090,2009-05-17,https://movie.douban.com/subject/1940867/,大电影,3.0
1091,2009-05-17,https://movie.douban.com/subject/3126196/,十全九美,2.0
1092,2009-05-17,https://movie.douban.com/subject/1439890/,情癫大圣,2.0
1093,2009-05-17,https://movie.douban.com/subject/1950525/,大灌篮,4.0
1094,2009-05-17,https://movie.douban.com/subject/2124724/,不能说的秘密 / 不能說的·祕密,4.0
1095,2009-05-17,https://movie.douban.com/subject/1292223/,七宗罪 / Se7en,5.0
1096,2009-05-17,https://movie.douban.com/subject/1485260/,本杰明·巴顿奇事 / The Curious Case of Benjamin Button,4.0
1097,2009-05-17,https://movie.douban.com/subject/2209573/,贫民窟的百万富翁 / Slumdog Millionaire,4.0
1098,2009-05-17,https://movie.douban.com/subject/3313801/,非诚勿扰,2.0
1099,2009-05-17,https://movie.douban.com/subject/1862151/,疯狂的石头,5.0
1100,2009-05-17,https://movie.douban.com/subject/1291550/,天下无贼,4.0
1101,2009-05-17,https://movie.douban.com/subject/1299550/,行运一条龙 / 行運一條龍,4.0
1102,2009-05-17,https://movie.douban.com/subject/1297747/,少林足球,2.0
1103,2009-05-17,https://movie.douban.com/subject/1291543/,功夫,2.0
1104,2009-05-17,https://movie.douban.com/subject/1859036/,宝贝计划 / 寶貝計劃,4.0
1105,2009-05-17,https://movie.douban.com/subject/1961963/,长江七号,2.0
1106,2009-05-17,https://movie.douban.com/subject/1302977/,赌侠2：上海滩赌圣 / 賭俠II上海灘賭聖,3.0
1107,2009-05-17,https://movie.douban.com/subject/1300498/,百变星君 / 百變星君,4.0
1108,2009-05-17,https://movie.douban.com/subject/1299680/,整蛊专家 / 整蠱專家,3.0
1109,2009-05-17,https://movie.douban.com/subject/1299745/,破坏之王,3.0
1110,2009-05-17,https://movie.douban.com/subject/1400665/,济公 / 濟公,3.0
1111,2009-05-17,https://movie.douban.com/subject/1304677/,千王之王2000,2.0
1112,2009-05-17,https://movie.douban.com/subject/1300566/,赌侠,4.0
1113,2009-05-17,https://movie.douban.com/subject/1302678/,逃学威龙3之龙过鸡年 / 逃学威龙III之龙过鸡年,3.0
1114,2009-05-17,https://movie.douban.com/subject/1296201/,逃学威龙2 / 逃學威龍2,3.0
1115,2009-05-17,https://movie.douban.com/subject/1302090/,逃学威龙 / 逃學威龍,3.0
1116,2009-05-17,https://movie.douban.com/subject/1305355/,审死官 / 審死官,4.0
1117,2009-05-17,https://movie.douban.com/subject/1298644/,赌圣 / 賭聖,3.0
1118,2009-05-17,https://movie.douban.com/subject/1297863/,武状元苏乞儿,3.0
1119,2009-05-17,https://movie.douban.com/subject/1307739/,国产凌凌漆 / 國產凌凌漆,2.0
1120,2009-05-17,https://movie.douban.com/subject/1306951/,鹿鼎记2：神龙教 / 鹿鼎記II 神龍教,4.0
1121,2009-05-17,https://movie.douban.com/subject/1297223/,鹿鼎记 / 鹿鼎記,4.0
1122,2009-05-17,https://movie.douban.com/subject/1297518/,九品芝麻官,3.0
1123,2009-05-17,https://movie.douban.com/subject/1329936/,大内密探零零发 / 大內密探零零發,4.0
1124,2009-05-17,https://movie.douban.com/subject/1293351/,食神,4.0
1125,2009-05-17,https://movie.douban.com/subject/1306249/,唐伯虎点秋香 / 唐伯虎點秋香,5.0
1126,2009-05-17,https://movie.douban.com/subject/1299398/,大话西游之月光宝盒 / 西遊記第壹佰零壹回之月光寶盒,5.0
1127,2009-05-17,https://movie.douban.com/subject/1292213/,大话西游之大圣娶亲 / 西遊記大結局之仙履奇緣,5.0
1128,2009-05-17,https://movie.douban.com/subject/1292722/,泰坦尼克号 / Titanic,3.0
1129,2009-05-17,https://movie.douban.com/subject/1292064/,楚门的世界 / The Truman Show,5.0
1130,2009-05-17,https://movie.douban.com/subject/1299131/,教父2 / The Godfather: Part Ⅱ,4.0
1131,2009-05-17,https://movie.douban.com/subject/1291841/,教父 / The Godfather,4.0
1132,2009-05-17,https://movie.douban.com/subject/1890784/,门徒 / 門徒,4.0
1133,2009-05-17,https://movie.douban.com/subject/1307914/,无间道 / 無間道,5.0
1134,2009-05-17,https://movie.douban.com/subject/1295644/,这个杀手不太冷 / Léon,5.0
1135,2009-05-17,https://movie.douban.com/subject/1292720/,阿甘正传 / Forrest Gump,4.0
1136,2009-05-17,https://movie.douban.com/subject/1292052/,肖申克的救赎 / The Shawshank Redemption,5.0
1137,2009-05-17,https://movie.douban.com/subject/1297570/,变相怪杰 / The Mask,4.0
1138,2009-05-17,https://movie.douban.com/subject/1297018/,冒牌天神 / Bruce Almighty,4.0
1139,2009-05-17,https://movie.douban.com/subject/1295318/,大话王 / Liar Liar,
1140,2009-05-17,https://movie.douban.com/subject/1309020/,全民情敌 / Hitch,
1141,2009-05-17,https://movie.douban.com/subject/1422909/,新抢钱夫妻 / Fun with Dick and Jane,
1142,2009-05-17,https://movie.douban.com/subject/3003137/,洋葱电影 / The Onion Movie,
